metric,platform,phase_local_peak
PC1,BR1,19.92919636962677
PC1,BR1,19.108133898756623
PC1,BR1,2.712121576548957
PC1,BR1,21.065012116059265
PC1,BR1,11.12899438263826
PC1,BR1,20.52247998364296
PC1,BR1,12.48852181357755
PC1,BR1,6.716889383287944
PC1,BR1,13.745784259861008
PC1,BR1,13.000222976666528
PC1,BR1,1.2920846975993945
PC1,BR1,6.627606969124921
PC1,BR1,18.514163972516343
PC1,BR1,4.239942981670223
PC1,BR1,4.126113649818556
PC1,BR1,22.14618662555803
PC1,BR1,7.25285362057822
PC1,BR1,0.3521219244756786
PC1,BR1,20.04719885136068
PC1,BR1,0.905499752448192
PC1,BR1,9.1008197711821
PC1,BR1,4.087335834948142
PC1,BR1,9.357295322319638
PC1,BR1,5.870472460124562
PC1,BR1,17.16528063328754
PC1,BR1,19.91357518284084
PC1,BR1,14.687854388497932
PC1,BR1,23.46256840950457
PC1,BR1,1.4970577736972333
PC1,BR1,19.90904471293288
PC1,BR1,16.887380944047408
PC1,BR1,3.2748414929647423
PC1,BR1,0.3066843670070622
PC1,BR1,22.957836281863887
PC1,BR1,15.65414676914807
PC1,BR1,16.642678943461085
PC1,BR1,2.696584822184967
PC1,BR1,11.51973252475988
PC1,BR1,3.4825504613529032
PC1,BR1,3.796917209200025
PC1,BR1,6.471782906912466
PC1,BR1,17.064710807993325
PC1,BR1,6.90249748698869
PC1,BR1,13.633972323684652
PC1,BR1,9.25824183592006
PC1,BR1,0.4695624297935912
PC1,BR1,10.570669606246293
PC1,BR1,0.5910253389846538
PC1,BR1,11.495588588602551
PC1,BR1,3.917729732157023
PC1,BR1,4.661263718274402
PC1,BR1,2.254801655413589
PC1,BR1,15.992428451192357
PC1,BR1,9.8463498262671
PC1,BR1,4.527621920249053
PC1,BR1,20.1385153707724
PC1,BR1,0.151369310070466
PC1,BR1,21.853319381988253
PC1,BR1,6.908226600136455
PC1,BR1,18.16479979408048
PC1,BR1,2.4745186060099247
PC1,BR1,13.504524506695471
PC1,BR1,11.43871261408846
PC1,BR1,8.523632223771035
PC1,BR1,6.585645204646996
PC1,BR1,14.22514972615062
PC1,BR1,14.291695411042554
PC1,BR1,17.613826577602072
PC1,BR1,13.743751878638612
PC1,BR1,14.958394374649274
PC1,BR1,3.870325789519335
PC1,BR1,21.30956408802811
PC1,BR1,4.658079170984647
PC1,BR1,21.77670350775777
PC1,BR1,19.397094511370558
PC1,BR1,18.252476516895385
PC1,BR1,22.9530013863197
PC1,BR1,3.5422247330292063
PC1,BR1,17.705396796987113
PC1,BR1,15.375713595706516
PC1,BR1,6.620180461622567
PC1,BR1,17.353242835984094
PC1,BR1,21.890100474139643
PC1,BR1,4.216135240092897
PC1,BR1,9.876245868672925
PC1,BR1,0.9630331042921068
PC1,BR1,10.30180814057804
PC1,BR1,21.15182642091175
PC1,BR1,23.2302332546789
PC1,BR1,22.971777470422456
PC1,BR1,13.778798443917108
PC1,BR1,12.117176588474011
PC1,BR1,4.807271583945373
PC1,BR1,19.18007192559161
PC1,BR1,18.49897407789224
PC1,BR1,0.9693809922055984
PC1,BR1,3.984496640875896
PC1,BR1,6.040402253036104
PC1,EUN1,14.531521751203258
PC1,EUN1,3.507445202578356
PC1,EUN1,17.550593009110464
PC1,EUN1,15.253258164097078
PC1,EUN1,5.14703129794456
PC1,EUN1,4.097543623433041
PC1,EUN1,12.736846000471424
PC1,EUN1,0.2093085058787878
PC1,EUN1,7.099577850790304
PC1,EUN1,16.151707912004817
PC1,EUN1,16.69729206617491
PC1,EUN1,18.272701661731496
PC1,EUN1,20.95342624997974
PC1,EUN1,12.755791109080285
PC1,EUN1,0.1712910290988816
PC1,EUN1,8.840760780714078
PC1,EUN1,11.6768974863787
PC1,EUN1,5.166257655478661
PC1,EUN1,19.670444498061578
PC1,EUN1,18.72987273085869
PC1,EUN1,22.72037678864947
PC1,EUN1,0.9102693659922564
PC1,EUN1,20.82070549241608
PC1,EUN1,13.699471297196428
PC1,EUN1,15.45586824349339
PC1,EUN1,21.447682607484825
PC1,EUN1,4.272468334288291
PC1,EUN1,22.75822949080772
PC1,EUN1,21.244393582209653
PC1,EUN1,17.23184796967989
PC1,EUN1,20.19865159071217
PC1,EUN1,0.5115784796561833
PC1,EUN1,3.3458858548801684
PC1,EUN1,15.33368780014413
PC1,EUN1,19.977851598958527
PC1,EUN1,20.050807527053
PC1,EUN1,5.678587134234368
PC1,EUN1,16.556536404793867
PC1,EUN1,23.839233849311363
PC1,EUN1,17.113248999014427
PC1,EUN1,22.72689221530495
PC1,EUN1,6.657911557119474
PC1,EUN1,7.653673647581134
PC1,EUN1,23.14111627542864
PC1,EUN1,19.590903411435523
PC1,EUN1,20.13550145529556
PC1,EUN1,12.044664916151218
PC1,EUN1,19.97673907652306
PC1,EUN1,6.0292936474697
PC1,EUN1,7.850564896691365
PC1,EUN1,5.931187621238832
PC1,EUN1,22.356797241983724
PC1,EUN1,15.649030478183487
PC1,EUN1,20.110631749322565
PC1,EUN1,15.96252731333367
PC1,EUN1,23.241398145037696
PC1,EUN1,4.011148962339259
PC1,EUN1,18.99423464049411
PC1,EUN1,23.60523176937679
PC1,EUN1,8.681834068000866
PC1,EUN1,4.417373433325361
PC1,EUN1,5.71644298494819
PC1,EUN1,19.55052145575848
PC1,EUN1,14.140039025733854
PC1,EUN1,23.519395941115445
PC1,EUN1,5.991639507995081
PC1,EUN1,0.8437816161301548
PC1,EUN1,17.085109598535222
PC1,EUN1,13.665026941885726
PC1,EUN1,22.943670083778866
PC1,EUN1,17.840184719139344
PC1,EUN1,3.069151918645079
PC1,EUN1,22.274648274430557
PC1,EUN1,20.713211066451382
PC1,EUN1,22.540809000313384
PC1,EUN1,21.368964402750432
PC1,EUN1,4.012992336249468
PC1,EUN1,20.98780685123608
PC1,EUN1,3.403522885138399
PC1,EUN1,23.06950575405975
PC1,EUN1,20.1471073803644
PC1,EUN1,15.054391203399147
PC1,EUN1,19.006591144943272
PC1,EUN1,21.93688791353144
PC1,EUN1,6.135205596534421
PC1,EUN1,8.719302028608904
PC1,EUN1,0.6586190127789422
PC1,EUN1,7.255423699812723
PC1,EUN1,18.66093699700542
PC1,EUN1,6.703886524350561
PC1,EUN1,1.829058122228158
PC1,EUN1,22.836806868402373
PC1,EUN1,7.968898050968768
PC1,EUN1,16.5092756770171
PC1,EUN1,8.318385720366933
PC1,EUN1,9.90836530802344
PC1,EUN1,14.404815191433151
PC1,EUN1,19.970040907457985
PC1,EUN1,1.615871202066966
PC1,EUN1,21.11587344376762
PC1,EUN1,21.835466467016868
PC1,EUN1,1.4654351001807768
PC1,EUN1,20.88870441232283
PC1,EUN1,23.75620262625823
PC1,EUN1,23.105351777330423
PC1,EUN1,1.4173942852732928
PC1,EUN1,6.586366097944298
PC1,EUN1,18.064822524962214
PC1,EUN1,9.42042546010498
PC1,EUN1,23.982529402415363
PC1,EUN1,19.53126692202625
PC1,EUN1,21.79103641648152
PC1,EUW1,3.843712605955367
PC1,EUW1,0.1469179028047484
PC1,EUW1,16.52125634155295
PC1,EUW1,1.452372917903491
PC1,EUW1,2.564800046957584
PC1,EUW1,4.921939927213145
PC1,EUW1,2.87708777168741
PC1,EUW1,3.4783033446491203
PC1,EUW1,2.1484514582971475
PC1,EUW1,19.863200517078187
PC1,EUW1,15.45771347424995
PC1,EUW1,14.001114714544537
PC1,EUW1,20.19440532108926
PC1,EUW1,22.968473468485435
PC1,EUW1,19.971016307044657
PC1,EUW1,16.845168751586293
PC1,EUW1,22.04780016156913
PC1,EUW1,6.9716853095003
PC1,EUW1,22.678484655061855
PC1,EUW1,22.70699302077641
PC1,EUW1,3.837948104960178
PC1,EUW1,19.040499861995418
PC1,EUW1,19.734491422135516
PC1,EUW1,2.751582314216256
PC1,EUW1,22.605801905114404
PC1,EUW1,1.2308388251968938
PC1,EUW1,14.82645601788896
PC1,EUW1,18.93440621429827
PC1,EUW1,20.38431368879751
PC1,EUW1,4.422882520124404
PC1,EUW1,20.98915429181653
PC1,EUW1,12.490452581733503
PC1,EUW1,7.614669257016651
PC1,EUW1,14.654591762064191
PC1,EUW1,6.426783258122926
PC1,EUW1,12.55484424235002
PC1,EUW1,20.718212553138255
PC1,EUW1,15.5660111456832
PC1,EUW1,17.283591324813276
PC1,EUW1,4.127931856079005
PC1,EUW1,3.6932875889483374
PC1,EUW1,15.992507478777194
PC1,EUW1,8.616609308144552
PC1,EUW1,10.695446706318895
PC1,EUW1,8.144060275780628
PC1,EUW1,0.6821921572991059
PC1,EUW1,21.470609977966248
PC1,EUW1,1.8951645861256716
PC1,EUW1,4.149479210244442
PC1,EUW1,21.17478916208709
PC1,EUW1,4.346310332895962
PC1,EUW1,1.107702402821093
PC1,EUW1,15.002091775781768
PC1,EUW1,4.574286663624802
PC1,EUW1,5.453048292010696
PC1,EUW1,18.09547277303322
PC1,EUW1,5.486012983402229
PC1,EUW1,2.136607070004411
PC1,EUW1,4.752267641144971
PC1,EUW1,20.51946089463696
PC1,EUW1,15.163809774380695
PC1,EUW1,3.427146205998709
PC1,EUW1,9.25834693645566
PC1,EUW1,16.208139210259446
PC1,EUW1,3.9351045036389567
PC1,EUW1,10.445489717249384
PC1,EUW1,5.55240926556215
PC1,EUW1,17.73915476740957
PC1,EUW1,0.6488627024915985
PC1,EUW1,12.126383630022492
PC1,EUW1,20.57517949213536
PC1,EUW1,3.4179160944251405
PC1,EUW1,1.7194496061271551
PC1,EUW1,0.7016363458678256
PC1,EUW1,22.52689853712899
PC1,EUW1,4.212154960944228
PC1,EUW1,5.29580700692136
PC1,EUW1,18.977339610711745
PC1,EUW1,20.000637425259097
PC1,EUW1,2.3881726150391307
PC1,EUW1,22.13382162777962
PC1,EUW1,5.269174956913992
PC1,EUW1,19.12840967704916
PC1,EUW1,18.411084966401564
PC1,EUW1,16.635944278316668
PC1,EUW1,1.8644932898270428
PC1,EUW1,4.572635154491572
PC1,EUW1,2.816458259994519
PC1,EUW1,2.534950649355153
PC1,EUW1,0.8956700736626537
PC1,EUW1,2.662168678906606
PC1,EUW1,22.839807797918866
PC1,EUW1,12.58158031192281
PC1,EUW1,1.5005790880191665
PC1,EUW1,2.8429801416236016
PC1,EUW1,1.492953571194064
PC1,EUW1,3.611543595544614
PC1,EUW1,17.751526547126925
PC1,EUW1,5.794132488887385
PC1,EUW1,15.383275111226236
PC1,EUW1,23.789625531744147
PC1,EUW1,18.24305101971983
PC1,EUW1,4.773080499994716
PC1,EUW1,16.43888569909729
PC1,EUW1,21.467586410930704
PC1,EUW1,13.140844699876125
PC1,EUW1,4.656367783304079
PC1,EUW1,0.7842087558297806
PC1,EUW1,21.798486193214725
PC1,EUW1,4.5031928317566
PC1,EUW1,0.2482160554176538
PC1,EUW1,18.93655912289329
PC1,EUW1,4.625437606309376
PC1,EUW1,23.320080633506315
PC1,EUW1,15.421521301557728
PC1,EUW1,5.913033468655625
PC1,EUW1,15.025475845535333
PC1,EUW1,4.280383692732405
PC1,EUW1,22.93627770051044
PC1,EUW1,20.39692895818809
PC1,EUW1,0.0944301816795665
PC1,EUW1,13.965744412718273
PC1,EUW1,22.418010567968462
PC1,EUW1,14.708886991634394
PC1,EUW1,1.369615218446338
PC1,EUW1,4.43301199493148
PC1,EUW1,19.340409775984337
PC1,EUW1,10.556278832454456
PC1,EUW1,11.394741202030763
PC1,EUW1,22.07992218488274
PC1,EUW1,2.314672716839649
PC1,EUW1,17.14152119641772
PC1,EUW1,4.254975291914664
PC1,EUW1,10.635921223511293
PC1,EUW1,0.9645429373180824
PC1,EUW1,3.329098575171827
PC1,EUW1,20.19964049524888
PC1,EUW1,5.409212453205106
PC1,EUW1,22.410856384468847
PC1,EUW1,2.3292028359230605
PC1,EUW1,22.542917573764303
PC1,EUW1,21.769398004133897
PC1,EUW1,1.855928459348308
PC1,EUW1,4.022952091103494
PC1,EUW1,17.958307937663555
PC1,EUW1,3.638035751816133
PC1,EUW1,21.521591140496486
PC1,EUW1,21.68685506330539
PC1,EUW1,18.299533962638357
PC1,EUW1,21.842416998853786
PC1,EUW1,3.4378602034088077
PC1,EUW1,16.746878922973096
PC1,EUW1,1.600046692596063
PC1,EUW1,17.5580178465016
PC1,EUW1,15.979274810979716
PC1,EUW1,3.2454753607891025
PC1,EUW1,17.424613815943665
PC1,EUW1,18.712494978153483
PC1,EUW1,3.638419473421993
PC1,EUW1,19.35235119115168
PC1,EUW1,0.9103533558774116
PC1,EUW1,5.15110293166715
PC1,EUW1,0.8916401613336724
PC1,EUW1,2.6872978718088127
PC1,EUW1,0.7867409081093868
PC1,EUW1,4.125640084978058
PC1,EUW1,17.52403651609896
PC1,EUW1,14.759300389205018
PC1,EUW1,22.372891056098677
PC1,EUW1,17.767983817128105
PC1,EUW1,23.18911463278357
PC1,EUW1,5.021515324593401
PC1,EUW1,11.464625680298443
PC1,EUW1,0.580860051679231
PC1,EUW1,19.57796614814233
PC1,EUW1,0.9212744339251308
PC1,ID1,19.419746009028835
PC1,ID1,8.057283414518515
PC1,ID1,20.739039364809397
PC1,ID1,4.016477233528352
PC1,ID1,10.968635538760816
PC1,ID1,11.092316261326172
PC1,ID1,21.470659129816998
PC1,ID1,2.8632973636775745
PC1,ID1,10.24932658965966
PC1,ID1,8.02363561027656
PC1,ID1,6.7617511251210765
PC1,ID1,7.1474075175032095
PC1,ID1,2.344607928311316
PC1,ID1,4.367954290227445
PC1,ID1,7.282997007688698
PC1,ID1,11.043673739806518
PC1,ID1,5.547811121523061
PC1,ID1,0.4254868368389566
PC1,ID1,7.493108165869475
PC1,ID1,3.177653950091347
PC1,ID1,3.5074394504831936
PC1,ID1,7.789177139060019
PC1,ID1,14.929163455311109
PC1,ID1,5.750927413054974
PC1,ID1,8.118339873481903
PC1,ID1,4.7395502387712725
PC1,ID1,7.66755773204438
PC1,ID1,13.311385105789997
PC1,ID1,5.803278131743735
PC1,ID1,5.245292827187942
PC1,ID1,6.04594336741533
PC1,ID1,2.199872582175537
PC1,ID1,4.137170219565846
PC1,ID1,4.839339348424794
PC1,ID1,13.385625910895325
PC1,ID1,18.15029986311826
PC1,ID1,17.058722418428868
PC1,ID1,11.690211829884328
PC1,ID1,11.54576852170189
PC1,ID1,5.402563237735638
PC1,ID1,5.71587604390924
PC1,ID1,5.675325625413777
PC1,JP1,9.913637232686536
PC1,JP1,20.302379692497205
PC1,JP1,8.742177828501411
PC1,JP1,1.5246580266865593
PC1,JP1,16.353548374118102
PC1,JP1,11.693716421605275
PC1,JP1,14.152648692232429
PC1,JP1,11.464624376477532
PC1,JP1,2.6097493144823822
PC1,JP1,4.97512164699344
PC1,JP1,17.26582916785467
PC1,JP1,9.046940247122109
PC1,JP1,20.72185962970136
PC1,JP1,1.67098398355445
PC1,JP1,15.985491993393223
PC1,JP1,5.997107920455928
PC1,JP1,21.167473323236397
PC1,JP1,7.067436281905785
PC1,JP1,8.969054415861123
PC1,JP1,20.77125896707616
PC1,JP1,19.021549440522254
PC1,JP1,22.72620776827317
PC1,JP1,20.183287628289698
PC1,JP1,23.7655797623302
PC1,JP1,21.854284182370257
PC1,JP1,20.79534831851329
PC1,JP1,3.0860798222086423
PC1,JP1,9.341043260624598
PC1,JP1,2.457359440299708
PC1,JP1,3.549198501217056
PC1,JP1,9.475241303093089
PC1,JP1,8.848088913461268
PC1,JP1,19.99851903242586
PC1,JP1,23.80004274265139
PC1,JP1,4.686762264094746
PC1,JP1,5.098586029057959
PC1,JP1,7.839960311321132
PC1,JP1,5.223379229333979
PC1,JP1,7.478799068684598
PC1,JP1,8.854561931026169
PC1,JP1,0.4559711805752897
PC1,JP1,4.957577589582815
PC1,JP1,7.019777676852229
PC1,JP1,20.05648794468533
PC1,JP1,0.3496554438335799
PC1,JP1,20.84932371237464
PC1,JP1,22.169606727669333
PC1,JP1,7.159800622861894
PC1,JP1,5.845545326905885
PC1,JP1,19.67078847922558
PC1,JP1,23.279739540241124
PC1,JP1,23.03166869243512
PC1,JP1,11.942322601083896
PC1,JP1,21.72809419712788
PC1,JP1,22.104151949001444
PC1,JP1,22.289533178576065
PC1,JP1,7.056702036749716
PC1,JP1,8.091757418580087
PC1,JP1,13.877577342572662
PC1,JP1,7.090357272545511
PC1,JP1,6.880062627307357
PC1,JP1,7.2796989043480735
PC1,JP1,6.024565400693195
PC1,JP1,0.5238277910100386
PC1,JP1,4.8147770030586585
PC1,JP1,23.415866403723257
PC1,JP1,23.30016297147742
PC1,JP1,11.313423723630429
PC1,JP1,4.0295358808483925
PC1,JP1,0.1748197795473274
PC1,JP1,4.385776332650806
PC1,JP1,7.854915821266868
PC1,JP1,17.312633503491575
PC1,JP1,1.735303970800885
PC1,JP1,9.533566904927664
PC1,JP1,9.68267273655598
PC1,JP1,21.176442955466424
PC1,JP1,6.118079155129315
PC1,JP1,7.0623555625910726
PC1,JP1,11.257697944199233
PC1,JP1,18.286308784925986
PC1,JP1,10.95139814351232
PC1,JP1,8.468603565132298
PC1,JP1,9.864572357868026
PC1,JP1,5.713894778412023
PC1,JP1,12.65497765415575
PC1,JP1,20.8566057725233
PC1,JP1,3.692410467204507
PC1,JP1,17.600463793679836
PC1,JP1,3.414783490837678
PC1,JP1,7.5359046163654995
PC1,JP1,11.783662587846257
PC1,JP1,7.484879879735796
PC1,JP1,7.23347868686616
PC1,JP1,23.704369437088577
PC1,JP1,3.7263516316963754
PC1,JP1,12.901112021659529
PC1,JP1,1.782157891926225
PC1,JP1,7.100247707394196
PC1,JP1,20.872021528440104
PC1,JP1,18.77590770950845
PC1,JP1,5.870775042095083
PC1,JP1,8.693969492102
PC1,JP1,9.030390871580618
PC1,JP1,7.559193852177785
PC1,JP1,16.832118825808607
PC1,JP1,19.473615243116257
PC1,JP1,19.235781943656196
PC1,JP1,7.605309348767236
PC1,JP1,15.936303923216492
PC1,JP1,23.79856490631968
PC1,JP1,12.94150917898908
PC1,JP1,19.87605564947536
PC1,JP1,19.95130161715733
PC1,JP1,7.412026441208358
PC1,JP1,18.661637043840603
PC1,JP1,9.779516747551751
PC1,JP1,15.71444988698192
PC1,JP1,22.173667685100327
PC1,JP1,19.655178518148997
PC1,JP1,23.83139508921136
PC1,JP1,4.796504907655013
PC1,JP1,5.951525447319288
PC1,JP1,9.345075835240252
PC1,JP1,7.935975357477893
PC1,JP1,21.355631411142845
PC1,JP1,6.4548251803234535
PC1,JP1,23.657236614811005
PC1,JP1,21.83392983047892
PC1,JP1,9.625388469626468
PC1,JP1,9.458802568676203
PC1,JP1,0.4309882424682456
PC1,JP1,9.329887551172671
PC1,JP1,2.466638603954216
PC1,JP1,2.61468856347809
PC1,JP1,23.16061781678629
PC1,JP1,23.36233806322316
PC1,JP1,8.375447888519147
PC1,JP1,6.194787985423098
PC1,JP1,22.56744446087115
PC1,JP1,8.053849183152877
PC1,JP1,11.8856701220582
PC1,JP1,22.6516330589093
PC1,JP1,13.628181373566782
PC1,JP1,10.572629176797925
PC1,JP1,2.470013301081341
PC1,JP1,23.358930658709635
PC1,JP1,11.713867612504483
PC1,JP1,8.031109085739232
PC1,JP1,6.619234540636814
PC1,JP1,13.889751894553644
PC1,JP1,8.58071212900284
PC1,JP1,22.7639188521
PC1,JP1,22.31525861031836
PC1,JP1,6.776365220154812
PC1,JP1,11.946275310188408
PC1,JP1,17.370862666165575
PC1,JP1,22.8883914273438
PC1,JP1,3.231126619356303
PC1,JP1,23.37101950397109
PC1,JP1,20.894432687907155
PC1,JP1,20.825378970011165
PC1,JP1,5.0531216658742935
PC1,JP1,11.71511888236255
PC1,JP1,19.94262907240413
PC1,JP1,0.2367808480856439
PC1,JP1,7.33285265421301
PC1,JP1,0.7771948634353016
PC1,JP1,19.66975080348483
PC1,JP1,4.480671439662338
PC1,JP1,2.1203262428385443
PC1,JP1,10.231434015464052
PC1,JP1,5.357927926468978
PC1,JP1,4.381139292937853
PC1,JP1,0.6938312256236365
PC1,JP1,5.104968541570461
PC1,JP1,23.026696152675434
PC1,JP1,4.558204951248115
PC1,JP1,15.445546116909554
PC1,JP1,21.488144093385458
PC1,JP1,20.33268828667738
PC1,JP1,23.32563730148004
PC1,JP1,8.399842242751134
PC1,JP1,0.2193812765875975
PC1,JP1,15.44322423297034
PC1,JP1,19.692790983826534
PC1,JP1,4.291824588297246
PC1,JP1,1.2332926360974987
PC1,JP1,21.005105162435957
PC1,JP1,11.47187278884617
PC1,JP1,4.996662366441608
PC1,JP1,5.14171311206816
PC1,JP1,19.328160736500767
PC1,JP1,23.16818815270764
PC1,JP1,12.078135458087504
PC1,JP1,20.61894316209214
PC1,JP1,8.663972404284735
PC1,JP1,23.15063428972121
PC1,JP1,8.527302349744495
PC1,JP1,10.07056888041515
PC1,JP1,21.762748727809623
PC1,JP1,9.683443540399184
PC1,JP1,20.200558033850577
PC1,JP1,6.277910284054926
PC1,JP1,16.092397482529915
PC1,JP1,19.463768358079072
PC1,JP1,9.158328145730511
PC1,JP1,3.21612038954132
PC1,JP1,19.890332581235064
PC1,JP1,21.38425116059437
PC1,JP1,14.377531268510856
PC1,JP1,13.061238063658983
PC1,JP1,4.409050947136279
PC1,JP1,3.6570549497796394
PC1,JP1,8.501879782856953
PC1,JP1,0.4746857731871969
PC1,JP1,18.04011768519316
PC1,JP1,20.29807879495706
PC1,JP1,19.11880572530957
PC1,JP1,4.521638622112089
PC1,JP1,8.682860834271686
PC1,JP1,9.538988631583637
PC1,JP1,21.850205818142285
PC1,JP1,19.999054449133624
PC1,JP1,22.210193278291364
PC1,JP1,16.859182760758074
PC1,JP1,6.7345166624448645
PC1,JP1,10.1462437966633
PC1,JP1,21.597322536398806
PC1,JP1,5.193750683031549
PC1,JP1,7.436523705397683
PC1,JP1,9.88163081008043
PC1,JP1,6.774107072726665
PC1,JP1,12.359398645535885
PC1,JP1,22.846533600678967
PC1,JP1,12.209241998449595
PC1,JP1,22.49412940173643
PC1,JP1,0.0081640583299673
PC1,JP1,12.549344472546636
PC1,JP1,9.570426306134229
PC1,JP1,22.02963967283376
PC1,JP1,5.402753751517682
PC1,JP1,14.034894938358113
PC1,JP1,8.689407827431104
PC1,JP1,9.875534055051364
PC1,JP1,9.979282153993877
PC1,JP1,3.841122904740594
PC1,JP1,8.627288290629629
PC1,JP1,4.464277387703056
PC1,JP1,7.238732390853208
PC1,JP1,4.811051269122462
PC1,JP1,7.118748607778809
PC1,JP1,20.424561598448577
PC1,JP1,17.66591533636934
PC1,JP1,14.910034414199888
PC1,JP1,7.014590074981111
PC1,JP1,10.838115119169668
PC1,JP1,19.27074188507443
PC1,JP1,10.915763572609633
PC1,JP1,8.525640797344195
PC1,JP1,13.184482367854482
PC1,JP1,6.627148090726767
PC1,JP1,5.285263216183395
PC1,JP1,10.584386154866932
PC1,JP1,3.434864226395863
PC1,JP1,3.357279537192209
PC1,JP1,17.807059314524047
PC1,JP1,10.94291661531019
PC1,JP1,9.429136493028873
PC1,JP1,4.959277796341922
PC1,JP1,3.1795010868971474
PC1,JP1,4.188084604564743
PC1,JP1,18.61365953717892
PC1,JP1,8.651815692496072
PC1,JP1,9.490269708184814
PC1,JP1,19.87807589855851
PC1,JP1,2.1962718173347966
PC1,JP1,20.4029570593856
PC1,JP1,22.10519339972216
PC1,JP1,3.250243376067452
PC1,JP1,5.138070700768992
PC1,JP1,23.50477859637252
PC1,JP1,6.33828578285755
PC1,JP1,3.5565899785803623
PC1,JP1,19.399239412201453
PC1,JP1,15.08356986760107
PC1,JP1,1.485437056833362
PC1,JP1,3.687737174208032
PC1,JP1,19.135562731822123
PC1,JP1,23.883475366251908
PC1,JP1,23.78767769893979
PC1,JP1,9.98042013489684
PC1,JP1,5.338633644574994
PC1,JP1,8.273674417629394
PC1,JP1,9.786890404760673
PC1,JP1,6.337181972785256
PC1,JP1,21.26152892468161
PC1,JP1,10.450401664493423
PC1,JP1,16.248778487274283
PC1,JP1,14.09261420308468
PC1,JP1,14.701618893860086
PC1,JP1,4.829927930632735
PC1,JP1,19.11787625308122
PC1,JP1,8.448482050980928
PC1,JP1,4.474370765334999
PC1,JP1,23.917589202105653
PC1,JP1,8.363465473532678
PC1,JP1,8.581523007551098
PC1,JP1,9.580707201546454
PC1,JP1,21.01297063684557
PC1,JP1,8.014996589012618
PC1,JP1,17.84946220650808
PC1,JP1,20.386882683714475
PC1,JP1,3.5767942211648176
PC1,JP1,19.75029430181468
PC1,JP1,20.192540796044604
PC1,JP1,11.082217226034093
PC1,JP1,6.935112430399425
PC1,JP1,8.646830631119649
PC1,JP1,16.326091680717784
PC1,JP1,9.373373692604444
PC1,JP1,8.334699254009777
PC1,JP1,6.861608508165514
PC1,JP1,7.522758375026076
PC1,JP1,14.277981391189233
PC1,JP1,22.68264044742544
PC1,JP1,21.92711280597228
PC1,JP1,2.924972942867786
PC1,JP1,19.34210432606367
PC1,JP1,4.057748339684512
PC1,JP1,8.338801133385672
PC1,JP1,21.80843965024159
PC1,JP1,21.70224355151156
PC1,JP1,9.36241358166208
PC1,JP1,5.395416816747538
PC1,JP1,9.784878107177652
PC1,JP1,21.978791870602272
PC1,JP1,20.61501661120699
PC1,JP1,21.162362819455304
PC1,JP1,9.168049943291704
PC1,JP1,19.339306317219087
PC1,JP1,22.189971747886812
PC1,JP1,4.446970138500468
PC1,JP1,19.43081515906713
PC1,JP1,9.762736099733516
PC1,JP1,11.08244122587757
PC1,JP1,9.571758766817736
PC1,JP1,8.556518374980357
PC1,JP1,6.081896369622957
PC1,JP1,19.8494670981934
PC1,JP1,9.426044097318004
PC1,JP1,15.407289046830714
PC1,JP1,10.252757543024371
PC1,JP1,6.691523377344975
PC1,JP1,10.217602115991308
PC1,JP1,11.75960515327294
PC1,JP1,8.8308152361477
PC1,JP1,20.64636308695893
PC1,JP1,8.76086151112304
PC1,JP1,13.94362865383654
PC1,JP1,15.875095258469369
PC1,JP1,9.539050986464096
PC1,JP1,6.511025051030785
PC1,JP1,20.65600202124672
PC1,JP1,4.968653916548036
PC1,JP1,9.652546097044178
PC1,JP1,6.593432128456637
PC1,JP1,9.775908017803824
PC1,JP1,7.892616509815202
PC1,JP1,12.704874040653344
PC1,JP1,11.9589417706157
PC1,JP1,7.450251455109104
PC1,JP1,6.01358290547314
PC1,JP1,20.08495442597689
PC1,JP1,6.045113689499313
PC1,JP1,17.348790241040838
PC1,JP1,21.026904944246503
PC1,JP1,11.890522957822428
PC1,JP1,19.707119103254165
PC1,JP1,6.377379685332596
PC1,JP1,23.75744609766185
PC1,JP1,5.270620077327703
PC1,JP1,7.032337776529509
PC1,JP1,6.025223379300833
PC1,JP1,20.17114420870989
PC1,JP1,6.805834198863355
PC1,JP1,13.380878350916852
PC1,JP1,5.689381155065057
PC1,JP1,21.231218759670934
PC1,JP1,9.11350455489907
PC1,JP1,22.178074957376893
PC1,JP1,21.89588914303884
PC1,JP1,7.704742086518465
PC1,JP1,7.607516645713037
PC1,JP1,17.452934354888075
PC1,JP1,21.89188561250611
PC1,JP1,22.627826944735688
PC1,JP1,13.68834900117682
PC1,JP1,9.17994661196089
PC1,JP1,1.8875502020649044
PC1,JP1,3.691528876184904
PC1,JP1,21.28648795443199
PC1,JP1,21.101332877168083
PC1,JP1,7.619552211876162
PC1,JP1,0.150475293827597
PC1,JP1,20.05374224918577
PC1,JP1,6.326047493388355
PC1,JP1,23.69286506343665
PC1,JP1,21.9870339274393
PC1,JP1,22.167745731503068
PC1,JP1,16.607876845364192
PC1,JP1,11.130869951293112
PC1,JP1,8.143696293649164
PC1,JP1,17.456782881032666
PC1,JP1,20.20102318026744
PC1,JP1,11.271029347718947
PC1,JP1,9.136406306361296
PC1,JP1,8.839902018184674
PC1,JP1,9.61365864535873
PC1,JP1,20.23508312491553
PC1,JP1,18.307302286350044
PC1,JP1,7.493755052329803
PC1,JP1,17.596658578011244
PC1,JP1,7.969922773929458
PC1,JP1,15.57883514961784
PC1,JP1,5.906141782968312
PC1,JP1,0.6703109904095435
PC1,JP1,5.630142707097406
PC1,JP1,19.61291488909029
PC1,JP1,19.048152734760368
PC1,JP1,18.30817351016273
PC1,JP1,19.94335517150732
PC1,JP1,5.449697929113039
PC1,JP1,2.9255474962076318
PC1,JP1,14.592957076865009
PC1,JP1,19.82700207921802
PC1,JP1,19.680778387669783
PC1,JP1,22.36389731856159
PC1,JP1,2.9189093891715
PC1,JP1,1.2243974096868229
PC1,JP1,22.02904554862385
PC1,JP1,2.324650091770369
PC1,JP1,17.816476176742107
PC1,JP1,0.4159880156615685
PC1,JP1,11.463777806217532
PC1,JP1,21.33005820488004
PC1,JP1,4.961377592691633
PC1,JP1,7.895064777574252
PC1,JP1,19.80935052691305
PC1,JP1,20.894887510482395
PC1,JP1,21.782692032720508
PC1,JP1,7.383347149806134
PC1,JP1,8.388786519630571
PC1,JP1,5.398442073279458
PC1,JP1,5.06109574065783
PC1,JP1,16.2607697964676
PC1,JP1,6.93982594978273
PC1,JP1,7.753887917706908
PC1,JP1,22.67950103618199
PC1,JP1,6.96510869560856
PC1,JP1,5.004775520394418
PC1,JP1,5.512462470065071
PC1,JP1,3.803364571962448
PC1,JP1,6.203910644199137
PC1,JP1,17.204018104978893
PC1,JP1,7.472105970096901
PC1,JP1,8.341631753865428
PC1,JP1,21.453309437964265
PC1,JP1,14.129060116445372
PC1,JP1,3.664195160585845
PC1,JP1,0.1313408097204131
PC1,JP1,22.20265296769146
PC1,JP1,14.221620405271985
PC1,JP1,0.260384560542878
PC1,JP1,9.303710658676389
PC1,JP1,8.819195738613587
PC1,JP1,17.632269890365635
PC1,JP1,3.093551533237612
PC1,JP1,2.51356723914596
PC1,JP1,18.375107410289903
PC1,JP1,6.959467794641462
PC1,JP1,6.103018570707601
PC1,JP1,22.458318206856543
PC1,JP1,17.21682091650895
PC1,JP1,13.44442707387118
PC1,JP1,20.464532526516223
PC1,JP1,8.776543397669386
PC1,JP1,8.906812854886027
PC1,JP1,8.915130451049848
PC1,JP1,19.87847682030946
PC1,JP1,21.098290089552748
PC1,JP1,23.093180093832068
PC1,JP1,22.25330693619963
PC1,JP1,1.185203224642347
PC1,JP1,20.49733826362333
PC1,JP1,2.5722483449975755
PC1,JP1,22.672039889160665
PC1,JP1,14.748173610442668
PC1,JP1,2.640132101771563
PC1,JP1,17.885190480041512
PC1,JP1,22.920905462225967
PC1,JP1,1.6536701011660495
PC1,JP1,0.7022847955013205
PC1,JP1,21.92048376641198
PC1,JP1,9.509290803370266
PC1,JP1,6.75144102683441
PC1,JP1,14.662022937629764
PC1,JP1,1.6807097374000897
PC1,JP1,18.40306015435576
PC1,JP1,9.552699030627858
PC1,JP1,11.701475064472906
PC1,JP1,20.90115390703429
PC1,JP1,5.000492066758056
PC1,JP1,1.571086083278388
PC1,JP1,9.425418748360196
PC1,JP1,7.717338652687051
PC1,JP1,0.2644644677882546
PC1,JP1,20.89800599284412
PC1,JP1,23.689737999307543
PC1,JP1,22.69583435973577
PC1,JP1,23.49949582662963
PC1,JP1,11.010921599365693
PC1,JP1,8.729615093925894
PC1,JP1,22.43908917376499
PC1,JP1,17.95095621319672
PC1,JP1,8.542370657543799
PC1,JP1,21.4613996927304
PC1,JP1,21.99216387882192
PC1,JP1,19.2873386856321
PC1,JP1,8.572851193108562
PC1,JP1,15.93581444264074
PC1,JP1,11.422068895955627
PC1,JP1,21.18388176662113
PC1,JP1,10.837124056073725
PC1,JP1,8.109335072397847
PC1,JP1,21.901842924512984
PC1,JP1,5.160537377465417
PC1,JP1,12.54579605513738
PC1,JP1,4.214940114915414
PC1,JP1,10.775576941258873
PC1,JP1,8.974018008964904
PC1,JP1,19.43515779858444
PC1,JP1,10.672017844893976
PC1,JP1,13.666295168945863
PC1,JP1,8.956796748087271
PC1,JP1,5.209873741483236
PC1,JP1,9.72957253530487
PC1,JP1,3.732131155798698
PC1,JP1,2.8036313088387885
PC1,JP1,8.169220497694909
PC1,JP1,8.178170012719931
PC1,JP1,20.80450561462841
PC1,JP1,19.945792393354864
PC1,JP1,18.958518676372243
PC1,JP1,19.72629095715625
PC1,JP1,17.59737908046862
PC1,JP1,23.20876958985319
PC1,JP1,0.1042653442352943
PC1,JP1,6.264076458638009
PC1,JP1,8.04237125422381
PC1,JP1,11.381784255284362
PC1,JP1,10.360125404619874
PC1,JP1,8.116701764785304
PC1,JP1,21.273504013363784
PC1,JP1,23.62426580459944
PC1,JP1,6.118708939743602
PC1,JP1,13.662638656573542
PC1,JP1,10.0828779727798
PC1,JP1,8.62041510787546
PC1,JP1,19.923016847263813
PC1,JP1,17.942877554569975
PC1,JP1,6.331809580731029
PC1,JP1,6.042554350677673
PC1,JP1,19.987307612768845
PC1,JP1,17.175377315960958
PC1,JP1,3.184821212062822
PC1,JP1,6.102596114354931
PC1,JP1,23.76049334664261
PC1,JP1,20.40458708951836
PC1,JP1,23.540297331857985
PC1,JP1,9.42887609616209
PC1,JP1,21.574421334372943
PC1,JP1,8.557661849382256
PC1,JP1,23.00131752309265
PC1,JP1,22.812973819426272
PC1,JP1,20.366866864892245
PC1,JP1,7.062064009164715
PC1,JP1,10.162088668651764
PC1,JP1,21.83723834955276
PC1,JP1,0.2267329036609275
PC1,JP1,5.676188736194021
PC1,JP1,0.269734826077606
PC1,JP1,22.719448378968604
PC1,JP1,22.90230878962697
PC1,JP1,4.94181139301919
PC1,JP1,6.913801352030028
PC1,JP1,11.131973944204002
PC1,JP1,8.581400866920788
PC1,JP1,12.128340084451112
PC1,JP1,5.278655479653565
PC1,JP1,18.28233560668638
PC1,JP1,9.52867707258251
PC1,JP1,17.98989538453563
PC1,JP1,23.6972629075852
PC1,JP1,20.36233124640603
PC1,JP1,10.113019090433983
PC1,JP1,9.891430132532331
PC1,JP1,0.3498189691842057
PC1,JP1,0.7072865267536272
PC1,JP1,8.932009606739229
PC1,JP1,5.85876128943206
PC1,JP1,20.805558776260145
PC1,JP1,14.54616540983309
PC1,JP1,19.53207351523677
PC1,JP1,6.677235937631405
PC1,JP1,9.070209125612235
PC1,JP1,10.230016685919546
PC1,JP1,20.880879030167435
PC1,JP1,12.138627552793954
PC1,JP1,3.2421034581154373
PC1,JP1,9.374281243866502
PC1,JP1,20.4151082536812
PC1,JP1,2.715390919282335
PC1,JP1,0.8780828875590316
PC1,JP1,19.40648482593908
PC1,JP1,23.563019588965965
PC1,JP1,23.587601413923668
PC1,JP1,0.9227660563017892
PC1,JP1,6.720492044307939
PC1,JP1,14.89235377998563
PC1,JP1,2.0933734026233357
PC1,JP1,16.414055083837308
PC1,JP1,8.285445324228604
PC1,JP1,0.4546409989462958
PC1,JP1,9.157620803339215
PC1,JP1,13.57333719219975
PC1,JP1,4.885363136749646
PC1,JP1,5.810364359538212
PC1,JP1,22.32288252490767
PC1,JP1,21.42890569082444
PC1,JP1,21.389538039665737
PC1,JP1,2.3516082235367257
PC1,JP1,6.361323460034946
PC1,JP1,8.285506109560245
PC1,JP1,9.264039740301332
PC1,JP1,7.493909806143275
PC1,JP1,6.539378394639808
PC1,JP1,10.629227823675556
PC1,JP1,6.077475951513424
PC1,JP1,10.001219229524944
PC1,JP1,22.09058648031862
PC1,JP1,11.601675825408169
PC1,JP1,1.4948929399374895
PC1,JP1,6.948650446728749
PC1,JP1,16.677466769425024
PC1,JP1,8.299613147139056
PC1,JP1,8.383510734787663
PC1,JP1,2.486265466933549
PC1,JP1,23.940720519411062
PC1,JP1,9.666404206984357
PC1,JP1,19.171989382633956
PC1,JP1,8.218009491318853
PC1,JP1,9.782971199942782
PC1,JP1,19.414801864718303
PC1,JP1,7.887840681029314
PC1,JP1,1.808849265476212
PC1,JP1,19.320335814530587
PC1,JP1,21.71492959339059
PC1,JP1,10.535864932759326
PC1,JP1,10.029991780741623
PC1,JP1,2.631179990801833
PC1,JP1,6.236309692971922
PC1,JP1,20.868528260035124
PC1,JP1,8.574761805030136
PC1,JP1,19.612953087043092
PC1,JP1,4.239609964882927
PC1,JP1,20.67768268111263
PC1,JP1,12.150053888781256
PC1,JP1,8.839115926596378
PC1,JP1,0.2053827552117084
PC1,JP1,22.822058096958727
PC1,JP1,13.947987715792864
PC1,JP1,6.241870790831058
PC1,JP1,8.310016179987912
PC1,JP1,10.746969609468213
PC1,JP1,11.132767257364554
PC1,JP1,11.890088652724447
PC1,JP1,23.66394209918992
PC1,JP1,17.11568482665721
PC1,JP1,22.714555166536258
PC1,JP1,2.498154690475033
PC1,JP1,22.07507544018975
PC1,JP1,19.585068511207098
PC1,JP1,23.27763486915408
PC1,JP1,18.22520379243865
PC1,JP1,21.94750653676676
PC1,JP1,2.099316296420483
PC1,JP1,3.1260532121418976
PC1,JP1,21.68929942455228
PC1,JP1,2.622943276202548
PC1,JP1,10.925849007411768
PC1,JP1,1.0546103318887958
PC1,JP1,18.93004567272797
PC1,JP1,3.7130409637216815
PC1,JP1,15.093609583844852
PC1,JP1,10.327694571522544
PC1,JP1,17.621408052931358
PC1,JP1,14.513413152647663
PC1,JP1,9.898279744560892
PC1,JP1,22.3197606319814
PC1,JP1,7.284659278646554
PC1,JP1,14.198132957638189
PC1,JP1,8.48282527711521
PC1,JP1,6.4237481174990165
PC1,JP1,20.272880177496557
PC1,JP1,7.475276649959895
PC1,JP1,3.5316154203107857
PC1,LA1,4.065637535776171
PC1,LA1,17.236228746388544
PC1,LA1,2.2431930508266387
PC1,LA1,7.88052389052061
PC1,LA1,21.1363553752752
PC1,LA1,15.134586365542514
PC1,LA1,16.782211530494347
PC1,LA1,0.4528097266300142
PC1,LA1,18.26717873116981
PC1,LA1,2.580078312741742
PC1,LA1,1.928034218500473
PC1,LA1,1.449286164487483
PC1,LA1,10.509633865700737
PC1,LA1,18.757460491569866
PC1,LA1,17.496352076900433
PC1,LA1,0.1780072130593293
PC1,LA1,8.382809767416612
PC1,LA1,6.407449670773792
PC1,LA1,11.97312537343958
PC1,LA1,8.321227333171404
PC1,LA1,3.0457500211560973
PC1,LA1,15.161800991294214
PC1,LA1,18.287565380000743
PC1,LA1,17.4874422629038
PC1,LA1,6.151994852934145
PC1,LA1,6.298115172121007
PC1,LA1,16.89342121686452
PC1,LA1,15.201133817846811
PC1,LA1,23.866999514639247
PC1,LA1,23.33667726723908
PC1,LA1,23.71710193851527
PC1,LA1,14.624620262176425
PC1,LA1,1.7477659985909355
PC1,LA1,13.437479722245511
PC1,LA1,2.719020562603749
PC1,LA1,8.924501695026644
PC1,LA1,14.878969418482011
PC1,LA1,7.803354266441703
PC1,LA1,7.59088366032026
PC1,LA1,15.86810754745827
PC1,LA1,18.507263872095137
PC1,LA1,9.091039439649684
PC1,LA1,4.279268494502663
PC1,LA1,21.24780871480804
PC1,LA1,5.681851160590544
PC1,LA1,11.592802064819557
PC1,LA1,3.711732231275803
PC1,LA1,11.92582158169784
PC1,LA1,21.96306678645996
PC1,LA1,1.214626020768847
PC1,LA1,22.36202902315393
PC1,LA1,1.2447584995188548
PC1,LA1,5.332533811424771
PC1,LA1,3.787503900523536
PC1,LA1,4.248062714820193
PC1,LA1,23.97375775132228
PC1,LA1,0.5471791530135723
PC1,LA1,16.144697433865495
PC1,LA1,15.115755428009166
PC1,LA1,17.794817981080918
PC1,LA1,3.467946492901758
PC1,LA1,17.229123238175486
PC1,LA1,22.935339142470703
PC1,LA1,0.7309809715893678
PC1,LA1,2.424676170137932
PC1,LA1,14.986084775794035
PC1,LA1,21.76645123338688
PC1,LA1,22.820870237236896
PC1,LA1,17.544261413859854
PC1,LA1,6.40575162858592
PC1,LA1,2.1402951463738877
PC1,LA1,19.13975538633688
PC1,LA1,22.879243338831955
PC1,LA1,3.4653752688955777
PC1,LA1,11.167040832870413
PC1,LA1,18.93229353937017
PC1,LA1,14.546506594992843
PC1,LA1,1.543652392819273
PC1,LA1,17.70376024178856
PC1,LA1,4.811500744629948
PC1,LA1,0.8794318594062052
PC1,LA1,2.6440712538509032
PC1,LA1,22.7628236984448
PC1,LA1,22.64508587248088
PC1,LA1,0.6523945886915676
PC1,LA1,11.786270628277556
PC1,LA1,2.1308632568007404
PC1,LA1,21.14164762585411
PC1,LA1,16.766441383243286
PC1,LA2,5.629081963944
PC1,LA2,4.819916106168051
PC1,LA2,0.9087586742458452
PC1,LA2,8.057515883282806
PC1,LA2,7.034425126215112
PC1,LA2,20.101961120981574
PC1,LA2,8.472513481107002
PC1,LA2,3.2532511444728653
PC1,LA2,3.826691083330146
PC1,LA2,10.858205889626031
PC1,LA2,11.032323657900866
PC1,LA2,23.641669511052
PC1,LA2,0.942509154315962
PC1,LA2,10.921328395114624
PC1,LA2,2.738490772402546
PC1,LA2,0.1581806059333694
PC1,LA2,23.684909863945265
PC1,LA2,7.376866971841805
PC1,LA2,1.3156847595353414
PC1,LA2,18.69364413952042
PC1,LA2,2.4492492461288338
PC1,LA2,19.31222509352878
PC1,LA2,16.612643433992595
PC1,LA2,13.80453549051582
PC1,LA2,20.217966799409268
PC1,LA2,4.345139776267217
PC1,LA2,14.635423518655248
PC1,LA2,5.843226838266695
PC1,LA2,6.443475504453659
PC1,LA2,10.531975968529167
PC1,LA2,5.204365988398687
PC1,LA2,21.599858147903525
PC1,LA2,4.975763460852826
PC1,LA2,13.860249058447266
PC1,LA2,22.946282787994612
PC1,LA2,16.00346328258661
PC1,LA2,23.854787946957032
PC1,LA2,20.685835145896903
PC1,LA2,2.907950272263392
PC1,LA2,8.076660691767422
PC1,LA2,8.241584020704956
PC1,LA2,16.957072661270438
PC1,LA2,8.469398086773365
PC1,LA2,20.4507856180758
PC1,LA2,22.38357852022905
PC1,LA2,19.800622828128745
PC1,LA2,4.289996893972158
PC1,LA2,0.172038089164229
PC1,LA2,4.642166601338458
PC1,LA2,17.98600409515727
PC1,LA2,1.082961832814754
PC1,LA2,14.497492124849328
PC1,LA2,4.016814449116848
PC1,LA2,5.118272612473534
PC1,LA2,12.915962132019772
PC1,LA2,17.222104700600088
PC1,LA2,11.239755700566288
PC1,LA2,6.5733477764402615
PC1,LA2,22.46738293091632
PC1,LA2,3.3626256255142533
PC1,LA2,21.573439280617816
PC1,LA2,20.14963363856868
PC1,LA2,23.365543526768445
PC1,LA2,8.803099318455693
PC1,LA2,23.90273749783826
PC1,LA2,2.5762208295831
PC1,LA2,4.864298886018487
PC1,LA2,12.07764756444919
PC1,LA2,21.523259206688763
PC1,LA2,16.565392486854222
PC1,LA2,23.87604847052667
PC1,LA2,21.06619773888705
PC1,LA2,17.872245437537636
PC1,LA2,18.475741757340604
PC1,LA2,15.777129510416316
PC1,LA2,22.9886061712724
PC1,LA2,4.277055521497231
PC1,LA2,0.6351382034985162
PC1,LA2,0.8807004866419565
PC1,LA2,23.287962781884637
PC1,LA2,15.848860593479271
PC1,LA2,3.790988258401233
PC1,LA2,0.9130459284608374
PC1,LA2,18.86703762263926
PC1,LA2,12.579738095696376
PC1,LA2,19.95867667946214
PC1,LA2,21.975132597900856
PC1,LA2,3.4429455794652144
PC1,LA2,14.702854314376644
PC1,LA2,21.32363660396704
PC1,LA2,6.422078819416647
PC1,LA2,22.88373457927338
PC1,LA2,15.492418510965775
PC1,LA2,4.8715824375396055
PC1,LA2,14.540863848366058
PC1,LA2,0.8236889179551476
PC1,NA1,22.23422292272653
PC1,NA1,13.265784375574132
PC1,NA1,15.901249620316772
PC1,NA1,4.79059187664563
PC1,NA1,15.287273524863789
PC1,NA1,3.5200677570951697
PC1,NA1,1.4555219168214275
PC1,NA1,22.124358630530462
PC1,NA1,6.589963375974731
PC1,NA1,15.822687402495426
PC1,NA1,17.001305408375526
PC1,NA1,20.435452026844917
PC1,NA1,23.55027861870888
PC1,NA1,22.48630688160914
PC1,NA1,19.074566144646184
PC1,NA1,4.463773662933388
PC1,NA1,7.581744358927667
PC1,NA1,17.344933015181745
PC1,NA1,13.646007019742129
PC1,NA1,3.531941527293501
PC1,NA1,21.611030832308263
PC1,NA1,3.0263936590806946
PC1,NA1,23.69972778330404
PC1,NA1,1.0373743824511277
PC1,NA1,7.336005101229571
PC1,NA1,21.98004403271877
PC1,NA1,23.105113703531103
PC1,NA1,20.38396559229137
PC1,NA1,1.7514734343010536
PC1,NA1,3.2373618045370627
PC1,NA1,9.203245340825982
PC1,NA1,21.20789309510364
PC1,NA1,7.397468882945542
PC1,NA1,0.911281430374376
PC1,NA1,18.600485001560077
PC1,NA1,21.83664942491781
PC1,NA1,13.5094918314405
PC1,NA1,20.78011850607304
PC1,NA1,20.521747398362216
PC1,NA1,9.141222563033775
PC1,NA1,13.799361550083905
PC1,NA1,21.584612963456387
PC1,NA1,17.90762384498638
PC1,NA1,19.006922112392623
PC1,NA1,17.730225276203665
PC1,NA1,8.674252339389868
PC1,NA1,4.665520615550879
PC1,NA1,3.433946700038879
PC1,NA1,15.818997325062316
PC1,NA1,11.45419533066178
PC1,NA1,18.88221937722193
PC1,NA1,11.223349712681188
PC1,NA1,11.681903884769705
PC1,NA1,0.608223047875792
PC1,NA1,0.7145293906472183
PC1,NA1,0.1631235567134714
PC1,NA1,0.7830009971742982
PC1,NA1,0.4118801669524252
PC1,NA1,0.2250631689797888
PC1,NA1,23.14009786524748
PC1,NA1,21.006810968123848
PC1,NA1,22.666887912108187
PC1,NA1,6.404275972297464
PC1,NA1,22.5400131486328
PC1,NA1,6.266077231542827
PC1,NA1,23.76739966561871
PC1,NA1,6.509957312959788
PC1,NA1,13.953016477954328
PC1,NA1,20.512025471460607
PC1,NA1,12.254496267006054
PC1,NA1,19.141351381647485
PC1,NA1,4.021702239251587
PC1,NA1,17.635680446484887
PC1,NA1,13.579254488569315
PC1,NA1,11.87878002617905
PC1,NA1,22.97270990259725
PC1,NA1,1.654328107280243
PC1,NA1,12.795423938281877
PC1,NA1,22.09265421255267
PC1,NA1,14.79669647388254
PC1,NA1,8.597670117025976
PC1,NA1,14.760951613339149
PC1,NA1,18.49564019163582
PC1,NA1,17.27350922527983
PC1,NA1,5.402869033040822
PC1,NA1,20.458810222083425
PC1,NA1,16.894192762676354
PC1,NA1,22.3335105635012
PC1,NA1,22.51441724608782
PC1,NA1,14.917430246921985
PC1,NA1,17.943077709414304
PC1,NA1,6.981870789147999
PC1,NA1,8.028464223007648
PC1,NA1,0.2036175965148468
PC1,NA1,22.716651173910464
PC1,NA1,13.54932857553959
PC1,NA1,4.451902696980081
PC1,NA1,18.504177696274844
PC1,NA1,18.314760555569084
PC1,NA1,19.6733962923256
PC1,NA1,12.30101990440501
PC1,NA1,6.534128730420198
PC1,NA1,22.95085160079729
PC1,NA1,3.5302609904918363
PC1,NA1,22.756440319339077
PC1,NA1,11.56910586684554
PC1,NA1,7.397692690647236
PC1,NA1,13.172930039206438
PC1,NA1,5.335495108988591
PC1,NA1,17.730176012565707
PC1,NA1,14.66221668228674
PC1,NA1,17.08432326839297
PC1,NA1,17.311172991223803
PC1,NA1,13.201463212546503
PC1,NA1,2.2103738580862364
PC1,NA1,8.189855329956004
PC1,NA1,22.40729626321693
PC1,NA1,14.9448068068573
PC1,NA1,23.680602913544757
PC1,NA1,8.212548205288352
PC1,NA1,21.167637949938637
PC1,NA1,2.240154019109239
PC1,NA1,13.897776512340164
PC1,NA1,5.423032137980927
PC1,NA1,3.472602842054963
PC1,NA1,14.751243675608332
PC1,NA1,4.023230312078889
PC1,NA1,3.196266684956353
PC1,NA1,0.1670351942288546
PC1,NA1,7.687501120905619
PC1,NA1,7.092382885904227
PC1,NA1,5.233572304410433
PC1,NA1,19.28370455996688
PC1,NA1,0.9046847934662168
PC1,NA1,3.603409319965007
PC1,NA1,19.749409690827683
PC1,NA1,14.034572889788038
PC1,NA1,10.554248199024892
PC1,NA1,7.226201488299727
PC1,NA1,11.605623687924007
PC1,NA1,12.03344082930122
PC1,NA1,5.954125512621065
PC1,NA1,15.551676032449084
PC1,NA1,9.05326032494722
PC1,NA1,3.927150198839092
PC1,NA1,17.48878854796653
PC1,NA1,23.551014197575142
PC1,NA1,17.61712345288646
PC1,NA1,7.837729465933167
PC1,NA1,2.434926600505689
PC1,NA1,9.481545630911764
PC1,NA1,16.795188117497254
PC1,NA1,20.24126836952713
PC1,NA1,23.33592037813548
PC1,NA1,4.1754135727805295
PC1,NA1,23.59699757446227
PC1,NA1,18.695739969279806
PC1,NA1,7.341554565683872
PC1,NA1,19.684289068586427
PC1,NA1,22.208459049314357
PC1,NA1,5.312995656586725
PC1,NA1,23.12871365487144
PC1,NA1,23.42206789098822
PC1,NA1,23.01691634827779
PC1,NA1,20.937685289354164
PC1,NA1,4.851560735015424
PC1,NA1,6.728013600723624
PC1,NA1,0.0509967910941862
PC1,NA1,19.844224884754105
PC1,NA1,4.793495302128466
PC1,NA1,20.16739605360941
PC1,NA1,22.705703388174424
PC1,NA1,13.418490735163696
PC1,NA1,4.58926129409541
PC1,NA1,14.20961266758616
PC1,NA1,6.994946373106318
PC1,NA1,19.475449448176175
PC1,NA1,0.5905148683179178
PC1,NA1,23.828583749869267
PC1,NA1,9.870417659558989
PC1,NA1,23.94380408069833
PC1,NA1,23.250991239350896
PC1,NA1,8.525620185755272
PC1,NA1,20.253980977388384
PC1,NA1,10.87990677718785
PC1,NA1,23.33000371578252
PC1,NA1,18.159749569711465
PC1,NA1,0.2982158640734118
PC1,NA1,3.565013825974029
PC1,NA1,0.4114729904215224
PC1,NA1,1.9560386760325912
PC1,NA1,17.950979910970442
PC1,NA1,5.038169642233127
PC1,NA1,18.8000203989718
PC1,NA1,10.777792004417972
PC1,NA1,0.5622198662344609
PC1,NA1,6.242247661220356
PC1,NA1,12.355989252461011
PC1,NA1,22.629741505091665
PC1,NA1,19.45045976764319
PC1,NA1,3.048582419132821
PC1,NA1,21.68681594023762
PC1,NA1,21.97891472632091
PC1,NA1,0.8332343455436177
PC1,NA1,0.6490509318317095
PC1,NA1,19.66423064514435
PC1,NA1,23.68053146766614
PC1,NA1,2.1359303028967576
PC1,NA1,23.34470353990041
PC1,NA1,23.32751004942076
PC1,NA1,10.73103185213305
PC1,NA1,15.306105714082769
PC1,NA1,1.4572179380241987
PC1,NA1,16.960871445684905
PC1,NA1,18.895646319230764
PC1,NA1,3.485016237259304
PC1,NA1,22.57646858989148
PC1,NA1,22.948248270105896
PC1,NA1,3.79036095733866
PC1,NA1,3.4270645676688485
PC1,NA1,18.1936323323274
PC1,NA1,18.56702429289277
PC1,NA1,10.546406818162788
PC1,NA1,0.0396578239585991
PC1,NA1,3.092355824938876
PC1,NA1,23.21055215993013
PC1,NA1,22.29689063406745
PC1,NA1,9.985552674108549
PC1,NA1,18.901275072354743
PC1,NA1,21.13917216777241
PC1,NA1,21.824225377684144
PC1,NA1,9.55969436291389
PC1,NA1,16.88616163613273
PC1,NA1,10.197121215833272
PC1,NA1,22.400884382257907
PC1,NA1,0.1787832477065007
PC1,NA1,2.2939894260501257
PC1,NA1,15.958876104116513
PC1,NA1,20.17838681810468
PC1,NA1,1.659896820582703
PC1,NA1,15.646637226049036
PC1,NA1,13.407737598179178
PC1,NA1,4.75327811122996
PC1,NA1,6.715924682589881
PC1,NA1,11.70622219861815
PC1,NA1,23.40443612941944
PC1,NA1,0.8350345564433201
PC1,NA1,22.81437090695031
PC1,NA1,20.7269482999296
PC1,NA1,16.2495086079581
PC1,NA1,1.9344342686595295
PC1,NA1,11.000127563922032
PC1,NA1,23.133391505016945
PC1,NA1,4.799883727847483
PC1,OC1,14.139761360282046
PC1,OC1,15.884876538984408
PC1,OC1,16.136959768063626
PC1,OC1,23.56257102426692
PC1,OC1,22.92907455500079
PC1,OC1,8.306570162621988
PC1,OC1,23.008361895113843
PC1,OC1,21.39313734425873
PC1,OC1,4.353287901103496
PC1,OC1,16.166124844785834
PC1,OC1,0.8104605005049095
PC1,OC1,1.506709334904052
PC1,OC1,7.506408738406435
PC1,OC1,8.016002506973479
PC1,OC1,5.990498963945239
PC1,OC1,23.511352770655208
PC1,OC1,14.845823906831097
PC1,OC1,6.917775523603055
PC1,OC1,7.602235266995912
PC1,OC1,7.774603517307067
PC1,OC1,19.394882810511675
PC1,OC1,13.706007949960007
PC1,OC1,14.725243172848312
PC1,OC1,6.45450640556604
PC1,OC1,3.0928964081173014
PC1,OC1,20.06615676953844
PC1,OC1,11.417800860226276
PC1,OC1,4.160725358228564
PC1,OC1,0.7186382210598516
PC1,OC1,6.965811340352083
PC1,OC1,6.058695901902386
PC1,OC1,19.743945654233848
PC1,OC1,1.129676714563324
PC1,OC1,12.982432496834438
PC1,OC1,14.3788938708993
PC1,OC1,5.952290522359249
PC1,OC1,15.109438935629834
PC1,OC1,12.870345318051005
PC1,OC1,17.382009673593863
PC1,OC1,2.623906623785409
PC1,OC1,12.160755985203616
PC1,OC1,20.88112215132196
PC1,OC1,6.9713850537556326
PC1,OC1,22.451332415517967
PC1,OC1,21.36400010824377
PC1,OC1,1.6712976398788513
PC1,OC1,12.092732662103945
PC1,OC1,8.86613402577676
PC1,OC1,19.21303069416414
PC1,OC1,5.22886870908361
PC1,OC1,8.289561628961607
PC1,OC1,2.487350311986006
PC1,OC1,17.782044246478566
PC1,OC1,22.86826758747074
PC1,OC1,16.97433704949636
PC1,OC1,13.89922608975627
PC1,OC1,20.74528349132875
PC1,OC1,5.3508171777916935
PC1,OC1,20.280100224884176
PC1,OC1,23.523405100706423
PC1,OC1,10.327882619462365
PC1,OC1,22.54412068806652
PC1,OC1,3.0725197918223657
PC1,OC1,10.277178775737756
PC1,OC1,19.71836920823376
PC1,OC1,6.252426623533406
PC1,OC1,19.87135973235159
PC1,OC1,8.779815058759567
PC1,OC1,7.533642084785871
PC1,OC1,18.708103772044765
PC1,OC1,23.88406774757917
PC1,OC1,2.32048180265938
PC1,OC1,22.40190158649453
PC1,OC1,16.658244998885674
PC1,OC1,18.614697662676075
PC1,OC1,1.6086175299115766
PC1,OC1,10.668259595138704
PC1,OC1,4.010002645699704
PC1,OC1,13.986645524542622
PC1,OC1,19.3803582657234
PC1,OC1,23.3401761494294
PC1,OC1,12.673073818826422
PC1,OC1,9.660317996730122
PC1,OC1,18.746415326366844
PC1,OC1,8.007823794149225
PC1,OC1,12.31703607490702
PC1,OC1,19.587546090682665
PC1,OC1,2.954873216971329
PC1,OC1,6.090432217612012
PC1,OC1,17.340860770361488
PC1,OC1,7.472446724597312
PC1,OC1,10.493434019892836
PC1,OC1,19.51294924133478
PC1,OC1,22.057382712874343
PC1,OC1,14.326572105778578
PC1,OC1,18.95994682307859
PC1,OC1,12.65501959489307
PC1,OC1,21.024009225405933
PC1,OC1,3.4103494583733074
PC1,OC1,6.598050262385989
PC1,OC1,15.7347462934688
PC1,OC1,17.258662450682905
PC1,OC1,13.95670972191901
PC1,OC1,14.2893906822944
PC1,OC1,8.14576522844473
PC1,OC1,5.175257896970415
PC1,OC1,1.39837738759352
PC1,OC1,17.209542109772357
PC1,OC1,14.871708476036387
PC1,OC1,5.28066831224001
PC1,OC1,18.914484111860872
PC1,OC1,11.105789464937745
PC1,OC1,8.690994321935122
PC1,OC1,1.474188536895909
PC1,OC1,6.332795264492113
PC1,OC1,8.624523062182078
PC1,OC1,16.461367140490268
PC1,OC1,8.213247988245477
PC1,OC1,16.67577640087998
PC1,OC1,23.803747433442624
PC1,OC1,1.522060356213892
PC1,OC1,22.964040489216742
PC1,OC1,22.927800434507738
PC1,OC1,6.265807168157735
PC1,OC1,0.6567423289049188
PC1,OC1,7.341144150982984
PC1,OC1,17.430797696074237
PC1,OC1,16.896872001255897
PC1,OC1,19.50039511225429
PC1,OC1,8.088855722193799
PC1,OC1,10.229109402295034
PC1,OC1,11.747063864628233
PC1,OC1,21.67394804745647
PC1,OC1,9.157929674584828
PC1,OC1,1.4492552214200105
PC1,OC1,1.736258540110036
PC1,OC1,2.267484203471738
PC1,OC1,21.822409879205384
PC1,OC1,19.282841706299585
PC1,OC1,21.704996493206338
PC1,OC1,21.444150957396836
PC1,OC1,5.133834086094655
PC1,OC1,20.439526052731857
PC1,OC1,8.294451685065482
PC1,OC1,18.24191467455106
PC1,OC1,0.2534880386719784
PC1,OC1,14.7562082523243
PC1,OC1,21.57590843623292
PC1,OC1,3.450877177605971
PC1,OC1,9.06862001455452
PC1,OC1,14.827324537661212
PC1,OC1,0.2786742522852705
PC1,OC1,1.6292117904865648
PC1,OC1,7.053696749592699
PC1,OC1,20.19169874410878
PC1,OC1,15.214180786831529
PC1,OC1,1.7713839573729722
PC1,OC1,3.1536430005818623
PC1,OC1,1.246306360783727
PC1,OC1,8.760375158826015
PC1,OC1,5.274971829273078
PC1,OC1,22.820503989533663
PC1,OC1,1.0086838199956247
PC1,OC1,16.198796705902954
PC1,OC1,3.895195847444441
PC1,OC1,7.460719216433354
PC1,OC1,5.17298554273825
PC1,OC1,4.168708813061127
PC1,OC1,6.640106151655917
PC1,OC1,10.748085210236349
PC1,OC1,16.45911655650177
PC1,TR1,20.09638310998398
PC1,TR1,19.076477475266078
PC1,TR1,8.60891932952362
PC1,TR1,14.44195891649732
PC1,TR1,12.77798764826808
PC1,TR1,4.866776095647034
PC1,TR1,18.86154316021144
PC1,TR1,5.035098398970062
PC1,TR1,17.319120542656012
PC1,TR1,6.856494777158274
PC1,TR1,20.92275731665554
PC1,TR1,12.721124055407577
PC1,TR1,6.578344339659788
PC1,TR1,16.391110284523606
PC1,TR1,14.860647307852416
PC1,TR1,15.602019031157528
PC1,TR1,9.231260921814393
PC1,TR1,11.783897986401977
PC1,TR1,5.773315628699158
PC1,TR1,22.4413073809139
PC1,TR1,20.11683078034298
PC1,TR1,4.660630794426043
PC1,TR1,15.527745763130527
PC1,TR1,18.201698044816887
PC1,TR1,16.26358659341615
PC1,TR1,15.288028362511591
PC1,TR1,19.81976562182148
PC1,TR1,23.15518514063365
PC1,TR1,3.374907125750568
PC1,TR1,10.356531968938713
PC1,TR1,7.663612330194093
PC1,TR1,9.408647094612338
PC1,TR1,20.16181174383168
PC1,TR1,21.153143120977703
PC1,TR1,23.435295072273064
PC1,TR1,8.355085201927594
PC1,TR1,5.364712586084611
PC1,TR1,18.29622709381946
PC1,TR1,12.36041834391581
PC1,TR1,9.015867319724949
PC1,TR1,7.63767551660121
PC1,TR1,14.363099568166051
PC1,TR1,9.28084129861056
PC1,TR1,16.587295961784037
PC1,TR1,4.368055826872521
PC1,TR1,5.382414570552671
PC1,TR1,20.357054857526503
PC1,TR1,17.543436447912136
PC1,TR1,6.915647415725159
PC1,TR1,21.441835174468643
PC1,TR1,17.483099333981485
PC1,TR1,13.63703162485274
PC1,TR1,15.56682111943752
PC1,TR1,4.508491989127084
PC1,TR1,22.45639114680872
PC1,TR1,18.63681596527414
PC1,TR1,17.85502831064639
PC1,TR1,20.94449643740221
PC1,TR1,1.243762377426208
PC1,TR1,18.292571000948747
PC1,TR1,2.8741320358971727
PC1,TR1,17.798366659302957
PC1,TR1,0.9004836560346341
PC1,TR1,22.141392903702314
PC1,TR1,12.79968506036212
PC1,TR1,7.222381852224426
PC1,TR1,23.736533975143708
PC1,TR1,22.166526996679146
PC1,TR1,0.4923717742723816
PC1,TR1,7.133684381274577
PC1,TR1,21.939104857646285
PC1,TR1,11.45637710995659
PC1,TR1,10.951961617675824
PC1,TR1,10.793732184514472
PC1,TR1,8.897727154329015
PC1,TR1,6.244217201703169
PC1,TR1,20.035417970717404
PC1,TR1,17.31232236777001
PC1,TR1,4.301154037534658
PC1,TR1,0.3767431914751498
PC1,TR1,10.478458711951774
PC1,TR1,1.116198873632623
PC1,TR1,11.72375221228395
PC1,TR1,7.197613581618452
PC1,TR1,9.209018058016357
PC1,TR1,11.19537898187098
PC1,TR1,12.83524632882996
PC1,TR1,11.146581272982235
PC1,TR1,16.421705328722986
PC1,TR1,13.776413390647669
PC1,TR1,22.432751562178165
PC1,TR1,21.542809406718725
PC1,TR1,18.2673364394661
PC1,TR1,11.83602768823485
PC1,TR1,17.235986098244027
PC1,TR1,12.29671930842964
PC1,TR1,1.6532455321917752
PC1,TR1,21.839256130800926
PC1,TR1,22.50082382805764
PC1,TR1,8.62550510236292
PC1,TR1,14.45314486101874
PC1,TR1,12.31795856554139
PC1,TR1,18.95043239037765
PC1,TR1,21.056027862598857
PC1,TR1,17.33177320928901
PC1,TR1,13.077050106288755
PC1,TR1,13.55928415070917
PC1,TR1,7.012968599545991
PC1,TR1,4.2913332525706185
PC1,TR1,14.961036732484128
PC1,TR1,18.65839634822617
PC1,TR1,19.356064462690657
PC1,TR1,21.40642624581536
PC1,TR1,1.6910189776604303
PC1,TR1,19.94935654963594
PC1,TR1,11.498155634424906
PC1,TR1,21.33052953557099
PC1,TR1,16.932928447601363
PC1,TR1,17.424976018976107
PC1,TR1,15.931697001388402
PC1,TR1,0.1529089743213454
PC1,TR1,14.587646356307364
PC1,TR1,20.13200443967884
PC2,BR1,23.246706813121907
PC2,BR1,20.582371339424743
PC2,BR1,2.5551039990634186
PC2,BR1,10.827975198557034
PC2,BR1,23.43621309431613
PC2,BR1,9.500784030340998
PC2,BR1,3.008072943125984
PC2,BR1,0.1011834809957137
PC2,BR1,22.909334520513315
PC2,BR1,22.1520867073266
PC2,BR1,16.8895394945022
PC2,BR1,18.192433278774025
PC2,BR1,20.493899014267814
PC2,BR1,21.35007962962283
PC2,BR1,23.5399011132843
PC2,BR1,23.993278958253505
PC2,BR1,17.650078216272554
PC2,BR1,20.73385027151055
PC2,BR1,4.020820277431343
PC2,BR1,23.909106320948943
PC2,BR1,18.848091983122263
PC2,BR1,19.3397095397906
PC2,BR1,21.022221271349764
PC2,BR1,0.8223140762406222
PC2,BR1,21.516434711524507
PC2,BR1,17.30756850960332
PC2,BR1,18.731893190922904
PC2,BR1,2.5361642883249385
PC2,BR1,20.78906485176315
PC2,BR1,17.045499151918836
PC2,BR1,6.376954789184103
PC2,BR1,9.36045608834964
PC2,BR1,17.734839042176954
PC2,BR1,10.847086981584829
PC2,BR1,20.300671020716127
PC2,BR1,20.552884110298827
PC2,BR1,23.046548959263813
PC2,BR1,5.503335450882785
PC2,BR1,1.8234709218817216
PC2,BR1,0.5745604248654841
PC2,BR1,21.05638789157961
PC2,BR1,2.9625396458846227
PC2,BR1,3.203099663376353
PC2,BR1,19.733226821553053
PC2,BR1,21.981835974160823
PC2,BR1,2.35832126501875
PC2,BR1,5.916337485923254
PC2,BR1,3.687219359584292
PC2,BR1,19.800215395886116
PC2,BR1,6.0735375155224745
PC2,BR1,0.1859516154427543
PC2,BR1,21.627097751348938
PC2,BR1,21.902071856146367
PC2,BR1,23.354108697673947
PC2,BR1,5.492981618173207
PC2,BR1,1.2364063802955778
PC2,BR1,0.8967924905401392
PC2,BR1,18.8958706556922
PC2,BR1,4.83686488976139
PC2,EUN1,11.26909982426305
PC2,EUN1,3.950850531180304
PC2,EUN1,14.628112929293344
PC2,EUN1,13.928906691933724
PC2,EUN1,7.681830453235185
PC2,EUN1,16.24608245378797
PC2,EUN1,11.761981945817851
PC2,EUN1,9.10901765477312
PC2,EUN1,5.520832191816563
PC2,EUN1,15.41460061781195
PC2,EUN1,11.089165683769368
PC2,EUN1,8.430581437166525
PC2,EUN1,18.678243929062795
PC2,EUN1,14.913357827075364
PC2,EUN1,12.69038842640393
PC2,EUN1,18.95294604580683
PC2,EUN1,11.04197758873138
PC2,EUN1,13.83831852484616
PC2,EUN1,8.807401808531491
PC2,EUN1,19.174555604887136
PC2,EUN1,8.00719515333552
PC2,EUN1,7.662523546647041
PC2,EUN1,11.672669703244637
PC2,EUN1,8.990120836156049
PC2,EUN1,10.953710988110016
PC2,EUN1,9.268627390717665
PC2,EUN1,14.230266970195514
PC2,EUN1,18.25114716102997
PC2,EUN1,15.563369584049038
PC2,EUN1,16.713481891797514
PC2,EUN1,4.4806570945805735
PC2,EUN1,7.67466255355406
PC2,EUN1,0.1175361689998268
PC2,EUN1,15.131838669474297
PC2,EUN1,15.109024487888185
PC2,EUN1,11.641181177020478
PC2,EUN1,19.09200052169405
PC2,EUN1,9.467583481313625
PC2,EUN1,10.0342915655143
PC2,EUN1,9.884978251660485
PC2,EUN1,14.189049126912291
PC2,EUN1,14.01282404814615
PC2,EUN1,12.457421009110082
PC2,EUN1,6.558406269564039
PC2,EUN1,4.17016149487252
PC2,EUN1,16.203334730617375
PC2,EUN1,6.089904335384719
PC2,EUN1,15.551620874985089
PC2,EUN1,17.761586828289815
PC2,EUN1,16.945923388894236
PC2,EUN1,11.840839513918842
PC2,EUN1,10.249137763232191
PC2,EUN1,4.621678587450328
PC2,EUN1,10.42180018896157
PC2,EUN1,3.61305956382956
PC2,EUN1,11.739596854699718
PC2,EUN1,4.250342637593096
PC2,EUN1,16.483709491518304
PC2,EUN1,16.65056533558404
PC2,EUN1,3.145672200783239
PC2,EUN1,3.5579140597661416
PC2,EUN1,1.002824851595495
PC2,EUN1,14.417289835844674
PC2,EUN1,17.371141072176044
PC2,EUN1,12.864275341636889
PC2,EUN1,20.996364226262475
PC2,EUN1,2.433433918260792
PC2,EUN1,14.012608727643844
PC2,EUW1,5.326839620859185
PC2,EUW1,0.2967615036509698
PC2,EUW1,17.16771854896963
PC2,EUW1,5.702394175440292
PC2,EUW1,8.6326742014951
PC2,EUW1,13.843586746969692
PC2,EUW1,14.4303201900064
PC2,EUW1,5.52763804223675
PC2,EUW1,15.89717282043843
PC2,EUW1,9.708225760730285
PC2,EUW1,15.776086783419789
PC2,EUW1,8.85567354584862
PC2,EUW1,16.927791295457883
PC2,EUW1,18.45356045353738
PC2,EUW1,0.4597373582221138
PC2,EUW1,1.5946074259774785
PC2,EUW1,10.33950317274478
PC2,EUW1,5.10898164360271
PC2,EUW1,11.085693929190448
PC2,EUW1,3.009386937079805
PC2,EUW1,18.940523114139506
PC2,EUW1,6.88001766625676
PC2,EUW1,6.50340229945621
PC2,EUW1,13.416338590063074
PC2,EUW1,7.707177838977225
PC2,EUW1,19.049640439228664
PC2,EUW1,13.03421578459008
PC2,EUW1,6.309742558503145
PC2,EUW1,18.398062134232305
PC2,EUW1,6.260369426680038
PC2,EUW1,13.466658159504703
PC2,EUW1,12.64190681561328
PC2,EUW1,2.094993941144016
PC2,EUW1,10.354580236002016
PC2,EUW1,9.355482578460464
PC2,EUW1,15.077407917806577
PC2,EUW1,17.044677293682224
PC2,EUW1,6.801027464686222
PC2,EUW1,1.4546240197961584
PC2,EUW1,6.054396550223928
PC2,EUW1,13.067048715075886
PC2,EUW1,6.791121565845621
PC2,EUW1,4.731472439975286
PC2,EUW1,17.253766805287626
PC2,EUW1,6.629601486174524
PC2,EUW1,5.371760248525932
PC2,EUW1,9.254893464484928
PC2,EUW1,6.456149965974459
PC2,EUW1,13.163655607710917
PC2,EUW1,23.57924281759336
PC2,EUW1,15.527632837648795
PC2,EUW1,12.207930526508935
PC2,EUW1,19.35642071019356
PC2,EUW1,10.45225191225678
PC2,EUW1,11.777274197353703
PC2,EUW1,1.568048934039561
PC2,EUW1,6.276197514809616
PC2,EUW1,9.20631905821472
PC2,EUW1,9.46140135413227
PC2,EUW1,13.175467610830417
PC2,EUW1,14.0517486920376
PC2,EUW1,1.5834811751014164
PC2,EUW1,20.86658197683778
PC2,EUW1,8.79167609191331
PC2,EUW1,15.737346959318527
PC2,EUW1,21.59859737758963
PC2,EUW1,14.41200600703532
PC2,EUW1,12.74765998569873
PC2,EUW1,11.913162141948703
PC2,EUW1,18.087346124054072
PC2,EUW1,18.52471884809677
PC2,EUW1,13.747842951608185
PC2,EUW1,16.515414973734753
PC2,EUW1,12.763009456459022
PC2,EUW1,3.846049210612216
PC2,EUW1,9.886055051553578
PC2,EUW1,12.54648533198173
PC2,EUW1,2.399600801954805
PC2,EUW1,12.131306445989186
PC2,EUW1,14.395916333965056
PC2,EUW1,14.490604209109714
PC2,EUW1,11.980566943755049
PC2,EUW1,15.629429334254812
PC2,EUW1,9.060370257041797
PC2,EUW1,11.256596909951444
PC2,EUW1,13.470997073439651
PC2,EUW1,15.918254093139105
PC2,EUW1,22.51689532768864
PC2,EUW1,13.02906119093397
PC2,EUW1,20.21445525874806
PC2,EUW1,8.939185071127355
PC2,EUW1,16.775990860392724
PC2,EUW1,13.150960327423215
PC2,EUW1,9.440179588387268
PC2,EUW1,10.57712623817664
PC2,EUW1,3.8010789221872425
PC2,EUW1,8.712695527730414
PC2,EUW1,21.746409950487383
PC2,EUW1,16.26724439245094
PC2,EUW1,15.35283610462456
PC2,EUW1,7.110532939865762
PC2,EUW1,5.998780757021327
PC2,EUW1,13.033282246452746
PC2,EUW1,10.350364029524746
PC2,EUW1,14.313170259031883
PC2,EUW1,12.35712262778545
PC2,EUW1,15.60378233521923
PC2,EUW1,11.388215934092614
PC2,EUW1,12.562852134404933
PC2,EUW1,15.439165709135162
PC2,EUW1,13.469577718653053
PC2,EUW1,17.74202933606359
PC2,EUW1,14.22574084709725
PC2,EUW1,17.236424651360664
PC2,EUW1,7.093627871185904
PC2,EUW1,15.382963637939902
PC2,EUW1,14.704140133294825
PC2,EUW1,19.161105916387648
PC2,EUW1,18.51960917869235
PC2,EUW1,13.291066473571233
PC2,EUW1,22.58561927105064
PC2,EUW1,1.9480006341013725
PC2,EUW1,9.804798227029307
PC2,EUW1,14.91836806505276
PC2,EUW1,10.735964025089356
PC2,EUW1,10.354326274974776
PC2,EUW1,15.714963949544432
PC2,EUW1,17.066792391343768
PC2,EUW1,17.594068180558295
PC2,EUW1,13.30034037937315
PC2,EUW1,3.2489479139795088
PC2,EUW1,18.550911811014934
PC2,EUW1,8.46280980049039
PC2,EUW1,16.225555418484372
PC2,EUW1,9.007119289612621
PC2,EUW1,16.827634543386367
PC2,EUW1,8.691091306032204
PC2,EUW1,4.606471768858561
PC2,EUW1,10.350716997165245
PC2,EUW1,15.243573675652035
PC2,EUW1,14.006074301454476
PC2,EUW1,8.550371578675223
PC2,EUW1,13.264058458062172
PC2,EUW1,8.13384134150574
PC2,EUW1,20.07935061155833
PC2,EUW1,11.681678030600006
PC2,EUW1,4.975546156849045
PC2,EUW1,9.212640054945112
PC2,EUW1,23.93660603342321
PC2,EUW1,13.062788835153842
PC2,EUW1,13.560714958997035
PC2,EUW1,12.365848647077929
PC2,EUW1,17.718066268730652
PC2,EUW1,5.451169072930936
PC2,EUW1,10.401281722537805
PC2,EUW1,1.3421823978877296
PC2,EUW1,19.02165551520473
PC2,EUW1,7.112433047260272
PC2,EUW1,18.17945525847726
PC2,EUW1,4.662737233685213
PC2,EUW1,16.288519590886477
PC2,EUW1,15.50991946056291
PC2,EUW1,11.473965937470158
PC2,EUW1,7.751273965390515
PC2,EUW1,17.319766689666565
PC2,EUW1,5.216607473981893
PC2,EUW1,13.313065083879286
PC2,EUW1,7.651638015271501
PC2,EUW1,13.17176490145526
PC2,EUW1,2.5519252597706563
PC2,EUW1,19.5727682094832
PC2,EUW1,16.384902763597307
PC2,EUW1,15.941765509921602
PC2,EUW1,3.6066510092326287
PC2,EUW1,11.836419081984086
PC2,EUW1,16.04604789526472
PC2,EUW1,10.70277505224319
PC2,EUW1,15.109924010402642
PC2,EUW1,5.478876065482376
PC2,EUW1,14.38655836589894
PC2,EUW1,14.31624590393603
PC2,EUW1,14.483134171221312
PC2,EUW1,11.55573339775761
PC2,EUW1,7.836621025795183
PC2,EUW1,12.195821008457528
PC2,EUW1,15.359551327273824
PC2,EUW1,8.841571558033596
PC2,EUW1,15.170206461332803
PC2,EUW1,0.3570650882234041
PC2,EUW1,16.39151740100212
PC2,EUW1,13.052191785898394
PC2,EUW1,17.87778781494615
PC2,EUW1,13.636013836787674
PC2,EUW1,18.786413608505896
PC2,EUW1,12.976426960840854
PC2,EUW1,9.159213604524556
PC2,EUW1,20.81397479784427
PC2,EUW1,11.165401440559425
PC2,EUW1,8.942152340429189
PC2,EUW1,11.191428882244557
PC2,EUW1,15.990432762747728
PC2,EUW1,13.135675609379062
PC2,EUW1,16.927804964982887
PC2,EUW1,10.92432734122196
PC2,EUW1,14.586373817458066
PC2,EUW1,3.85283230945094
PC2,EUW1,17.31350137779013
PC2,EUW1,3.074670252957925
PC2,EUW1,4.608189325883032
PC2,JP1,5.245427255299802
PC2,JP1,16.832852500771963
PC2,JP1,9.32956794310017
PC2,JP1,21.99704450719932
PC2,JP1,6.8837957434550425
PC2,JP1,17.292904370244464
PC2,JP1,13.291631646610847
PC2,JP1,23.75766908047376
PC2,JP1,10.967968903020404
PC2,JP1,5.210372314528879
PC2,JP1,23.599458229228983
PC2,JP1,21.118913446711357
PC2,JP1,7.003799316045626
PC2,JP1,2.713920428969665
PC2,JP1,17.801347348804697
PC2,JP1,1.4239657929256246
PC2,JP1,21.729203283312582
PC2,JP1,23.76054819990444
PC2,JP1,6.150612105490488
PC2,JP1,1.470627645592991
PC2,JP1,9.055082542100624
PC2,JP1,23.74803261559241
PC2,JP1,19.95999680080976
PC2,JP1,18.8616172285669
PC2,JP1,1.6158153764175405
PC2,JP1,12.76888401754133
PC2,JP1,8.590704289339108
PC2,JP1,10.445070609251529
PC2,JP1,14.144535114542542
PC2,JP1,10.395612988179412
PC2,JP1,21.600985453451
PC2,JP1,22.07732948898805
PC2,JP1,20.842432907566177
PC2,JP1,4.094652330820964
PC2,JP1,15.027870030855082
PC2,JP1,21.23131112755352
PC2,JP1,23.96841249409829
PC2,JP1,23.74798581504438
PC2,JP1,22.744454819985123
PC2,JP1,21.956081901973413
PC2,JP1,20.836758209000003
PC2,JP1,10.647267872992362
PC2,JP1,14.182265788892773
PC2,JP1,12.82236021151877
PC2,JP1,11.062700385599785
PC2,JP1,3.33999116150083
PC2,JP1,3.3853430511327858
PC2,JP1,17.446848548973335
PC2,JP1,8.737421181980913
PC2,JP1,7.678567284347849
PC2,JP1,11.730169307915236
PC2,JP1,17.622604723112012
PC2,JP1,18.58194390602422
PC2,JP1,21.585326674397194
PC2,JP1,17.68428304628445
PC2,JP1,9.85080105735888
PC2,JP1,22.602687155714904
PC2,JP1,18.7214574412588
PC2,JP1,23.80487677029169
PC2,JP1,20.443035295220863
PC2,JP1,22.132349742933098
PC2,JP1,8.742629697669997
PC2,JP1,11.781305082724185
PC2,JP1,9.680943658459649
PC2,JP1,6.62767394890157
PC2,JP1,7.5906408551228814
PC2,JP1,4.827661356348816
PC2,JP1,23.685003429375517
PC2,JP1,19.3536249563011
PC2,JP1,2.1653082639017143
PC2,JP1,5.320517230919425
PC2,JP1,8.1548586520355
PC2,JP1,18.50914011224466
PC2,JP1,15.770423887395108
PC2,JP1,20.260025785095277
PC2,JP1,10.897047586789627
PC2,JP1,2.398878761619361
PC2,JP1,9.835553491801004
PC2,JP1,20.812025355609325
PC2,JP1,10.062455452764674
PC2,JP1,2.91732900653993
PC2,JP1,20.887966572614083
PC2,JP1,19.01461875322205
PC2,JP1,5.846277130634281
PC2,JP1,7.070930675130462
PC2,JP1,20.278468097138205
PC2,JP1,10.972224825299564
PC2,JP1,11.35202795758374
PC2,JP1,2.5588977612401003
PC2,JP1,6.763960418104503
PC2,JP1,10.62123549621994
PC2,JP1,0.8124360354016886
PC2,JP1,12.491063048431515
PC2,JP1,14.163651034995386
PC2,JP1,21.277461879891234
PC2,JP1,21.29059847934412
PC2,JP1,10.700417388607129
PC2,JP1,19.7028350683056
PC2,JP1,6.922656761348378
PC2,JP1,19.016748613133863
PC2,JP1,11.269776886809428
PC2,JP1,2.892692410859194
PC2,JP1,8.888110656586846
PC2,JP1,3.663808600177777
PC2,JP1,6.28998213037098
PC2,JP1,8.98180692775162
PC2,JP1,19.810001630231767
PC2,JP1,19.46305702612612
PC2,JP1,18.817784322603178
PC2,JP1,9.23165198078055
PC2,JP1,20.094836692884137
PC2,JP1,7.03411745600912
PC2,JP1,10.505546652979216
PC2,JP1,7.761077587922674
PC2,JP1,22.104915135175517
PC2,JP1,6.70757202863933
PC2,JP1,20.53722699770399
PC2,JP1,18.3475641874419
PC2,JP1,21.39247959273608
PC2,JP1,11.886937146983222
PC2,JP1,21.350042521271128
PC2,JP1,20.00780314787844
PC2,JP1,11.8103456561199
PC2,JP1,12.220753251337712
PC2,JP1,13.839852670987971
PC2,JP1,12.096868127798874
PC2,JP1,9.307337565644252
PC2,JP1,3.2925181981577545
PC2,JP1,10.67577823566109
PC2,JP1,12.259538354739473
PC2,JP1,14.012572965435009
PC2,JP1,1.2504716145276191
PC2,JP1,23.016212978276684
PC2,JP1,6.52844256610274
PC2,JP1,14.429609658801947
PC2,JP1,21.21591334894965
PC2,JP1,18.561757885501017
PC2,JP1,21.863732519121573
PC2,JP1,16.588529500936893
PC2,JP1,6.473928858883493
PC2,JP1,5.336105094887184
PC2,JP1,6.732888562023756
PC2,JP1,14.009814533387129
PC2,JP1,23.010802508992057
PC2,JP1,8.544807580263289
PC2,JP1,6.2441752707252896
PC2,JP1,8.580925881266339
PC2,JP1,12.363465847017176
PC2,JP1,16.65984221569003
PC2,JP1,20.217372180603864
PC2,JP1,11.418779454774665
PC2,JP1,10.040002798214491
PC2,JP1,6.1968937921669145
PC2,JP1,23.740232355296506
PC2,JP1,7.693469254875328
PC2,JP1,7.317473435249063
PC2,JP1,19.795190982533143
PC2,JP1,21.58556703633449
PC2,JP1,13.69829503617616
PC2,JP1,20.67895684309115
PC2,JP1,11.251543860735456
PC2,JP1,0.3670838606932207
PC2,JP1,19.27779420723564
PC2,JP1,21.52505768561313
PC2,JP1,11.183576588492116
PC2,JP1,6.008526621304107
PC2,JP1,12.405660816000882
PC2,JP1,16.241680743100495
PC2,JP1,16.54531664965572
PC2,JP1,13.770409192388088
PC2,JP1,16.280932256237044
PC2,JP1,6.239580862693494
PC2,JP1,9.607110962081594
PC2,JP1,1.0008871172003817
PC2,JP1,5.237153072917668
PC2,JP1,5.017359446861367
PC2,JP1,7.090415107237128
PC2,JP1,22.795540604342094
PC2,JP1,19.15199782923313
PC2,JP1,23.01389293758715
PC2,JP1,23.037077998018454
PC2,JP1,13.392656894726386
PC2,JP1,13.902859581108018
PC2,JP1,7.5432173048363325
PC2,JP1,9.000366773705597
PC2,JP1,19.69242752897612
PC2,JP1,22.414464586355205
PC2,JP1,8.21395900692108
PC2,JP1,22.164380133066945
PC2,JP1,7.129129941236855
PC2,JP1,15.39263085785146
PC2,JP1,11.273087598450074
PC2,JP1,7.223618205214436
PC2,JP1,8.376971738423691
PC2,JP1,1.7769245838906187
PC2,JP1,8.846450462734317
PC2,JP1,20.890067268335976
PC2,JP1,0.9675390095339188
PC2,JP1,20.433353090686445
PC2,JP1,0.2722735577230821
PC2,JP1,14.58657999988202
PC2,JP1,21.724839356064116
PC2,JP1,21.97012400792599
PC2,JP1,20.57206804176098
PC2,JP1,19.203076744335014
PC2,JP1,7.118103951354758
PC2,JP1,1.032939126496906
PC2,JP1,0.4279764089963791
PC2,JP1,8.741169862524643
PC2,JP1,20.29458782689254
PC2,JP1,19.525284476868
PC2,JP1,7.198677381278841
PC2,JP1,7.822061013847069
PC2,JP1,10.619150079664944
PC2,JP1,10.117838883372468
PC2,JP1,18.523239239647065
PC2,JP1,2.920041712579934
PC2,JP1,9.196201387190188
PC2,JP1,1.8023889239275623
PC2,JP1,10.430936753380845
PC2,JP1,6.912643154144245
PC2,JP1,18.704430047700367
PC2,JP1,7.002739505368041
PC2,JP1,21.41265466691969
PC2,JP1,12.039272812294412
PC2,JP1,16.166467362933624
PC2,JP1,21.204907220332167
PC2,JP1,8.223355773211793
PC2,JP1,15.23845901275013
PC2,JP1,14.197727966765765
PC2,JP1,8.223675232733832
PC2,JP1,10.624596710928886
PC2,JP1,22.892410797298844
PC2,JP1,17.211734095677144
PC2,JP1,3.1118635507076284
PC2,JP1,21.331675638301437
PC2,JP1,18.762911430030183
PC2,JP1,18.73010566924774
PC2,JP1,9.12513827421258
PC2,JP1,21.33433426478653
PC2,JP1,22.2279701666922
PC2,JP1,8.832224532035738
PC2,JP1,21.61219146251054
PC2,JP1,12.935697324386696
PC2,JP1,9.17608411331294
PC2,JP1,8.0352244781064
PC2,JP1,8.679929534345646
PC2,JP1,11.8121773185382
PC2,JP1,20.114365968019776
PC2,JP1,21.598879943773213
PC2,JP1,22.794651255321977
PC2,JP1,20.589179228803367
PC2,JP1,18.25025645080394
PC2,JP1,12.606155601820104
PC2,JP1,18.889904011238198
PC2,JP1,7.953046003546888
PC2,JP1,14.093200601316044
PC2,JP1,10.80960770844949
PC2,JP1,19.45167160285941
PC2,JP1,22.062741799820124
PC2,JP1,9.234476122388866
PC2,JP1,7.739983670003586
PC2,JP1,9.457632597351568
PC2,JP1,19.530179538290238
PC2,JP1,22.423811186621105
PC2,JP1,20.067627985401728
PC2,JP1,21.74019739662104
PC2,JP1,18.65179027094129
PC2,JP1,18.24137071494612
PC2,JP1,8.71976919029941
PC2,JP1,16.072699732922526
PC2,JP1,3.9117405286706015
PC2,JP1,20.878522067641565
PC2,JP1,18.855332239227817
PC2,JP1,21.552884558031657
PC2,JP1,6.56489353745723
PC2,JP1,9.171667004946729
PC2,JP1,12.956242114549347
PC2,JP1,18.6680388333146
PC2,JP1,10.584549759290809
PC2,JP1,8.132131655396023
PC2,JP1,11.545039579880214
PC2,JP1,9.207932358556516
PC2,JP1,5.4354326938368445
PC2,JP1,7.154037993284021
PC2,JP1,8.468142791603277
PC2,JP1,17.297466134408484
PC2,JP1,21.279261837294435
PC2,JP1,18.07422031032856
PC2,JP1,0.6752535989633941
PC2,JP1,22.461681409910547
PC2,JP1,7.642101725654648
PC2,JP1,15.74501336054363
PC2,JP1,5.885927509548122
PC2,JP1,4.964186772088247
PC2,JP1,20.95430549075229
PC2,JP1,19.81187835470944
PC2,JP1,19.498350078083444
PC2,JP1,7.552372559653254
PC2,JP1,20.624663001234765
PC2,JP1,12.663779459027682
PC2,JP1,10.738582572708829
PC2,JP1,21.97904428508625
PC2,JP1,11.476743386559072
PC2,JP1,17.642887207057804
PC2,JP1,1.252396162200597
PC2,JP1,21.434365651445475
PC2,JP1,15.324974528815332
PC2,JP1,22.05216115242324
PC2,JP1,12.447441685669288
PC2,JP1,20.349506024113204
PC2,JP1,5.250327875965521
PC2,JP1,13.62085833512491
PC2,JP1,7.619914719518409
PC2,JP1,12.30086270804842
PC2,JP1,6.950601024094077
PC2,JP1,9.220856239001696
PC2,JP1,13.919183089822706
PC2,JP1,20.20105160455224
PC2,JP1,9.012624441910534
PC2,JP1,18.827088011887824
PC2,JP1,9.932940536843107
PC2,JP1,21.52927734123045
PC2,JP1,5.4269114635296525
PC2,JP1,22.43262036940731
PC2,JP1,20.776442077671817
PC2,JP1,13.02714263151024
PC2,JP1,10.485259565416673
PC2,JP1,19.424785120671444
PC2,JP1,20.920744033572767
PC2,JP1,9.240428531349735
PC2,JP1,21.840598914705804
PC2,JP1,18.53642216965917
PC2,JP1,9.776403753413508
PC2,JP1,20.912422365119376
PC2,JP1,20.0034786146556
PC2,JP1,9.759550588793706
PC2,JP1,18.463619861305627
PC2,JP1,20.422663418357423
PC2,JP1,11.750712880246684
PC2,JP1,7.669071519549064
PC2,JP1,11.176818511356885
PC2,JP1,10.212535938163867
PC2,JP1,21.01256813001701
PC2,JP1,11.053013031059873
PC2,JP1,0.9500162507117408
PC2,JP1,7.978143123649112
PC2,JP1,9.51484819853903
PC2,JP1,12.09740074247109
PC2,JP1,8.619240564709727
PC2,JP1,16.08357728249502
PC2,JP1,23.85498070684069
PC2,JP1,9.96223223319435
PC2,JP1,9.105228888410492
PC2,JP1,21.478180193407496
PC2,JP1,7.358591297023921
PC2,JP1,11.080685181846649
PC2,JP1,9.008708502292157
PC2,JP1,20.73203134321158
PC2,JP1,19.14985565759654
PC2,JP1,1.0323245059671535
PC2,JP1,13.45485202233764
PC2,JP1,9.019843147673868
PC2,JP1,19.986268567038543
PC2,JP1,6.248611143578586
PC2,JP1,20.129256069226244
PC2,JP1,2.225080695565332
PC2,JP1,8.707404512883159
PC2,JP1,5.476736809886255
PC2,JP1,5.189379003416775
PC2,JP1,9.770940696420007
PC2,JP1,19.14050999615693
PC2,JP1,20.17404675552761
PC2,JP1,20.876712998062267
PC2,JP1,10.77904964498502
PC2,JP1,21.25781754122296
PC2,JP1,10.078165417966144
PC2,JP1,14.65485907745468
PC2,JP1,21.873579043394813
PC2,JP1,9.607739630181696
PC2,JP1,4.022498421543105
PC2,JP1,7.846569176657582
PC2,JP1,6.477243395704296
PC2,JP1,23.051136127219024
PC2,JP1,9.989730133251854
PC2,JP1,20.58665495224221
PC2,JP1,15.10164025513348
PC2,JP1,15.131520501050217
PC2,JP1,5.018900496816389
PC2,JP1,21.429807318704285
PC2,JP1,6.127487532390834
PC2,JP1,15.698455984280091
PC2,JP1,17.625838809817886
PC2,JP1,10.52061676329488
PC2,JP1,7.714085450539734
PC2,JP1,10.364579432973102
PC2,JP1,3.819943709594291
PC2,JP1,12.958154782887132
PC2,JP1,14.956367353999896
PC2,JP1,14.133572234308648
PC2,JP1,5.046503127090158
PC2,JP1,18.130894274440656
PC2,JP1,15.100215471730772
PC2,JP1,18.998271268374893
PC2,JP1,5.520861228039813
PC2,JP1,4.806592892784479
PC2,JP1,21.551619244339008
PC2,JP1,6.888638343208108
PC2,JP1,20.42765487681952
PC2,JP1,2.135846168287042
PC2,JP1,6.701243337441351
PC2,JP1,20.84027031040729
PC2,JP1,6.065319052567499
PC2,JP1,2.893254794697718
PC2,JP1,5.804982694811148
PC2,JP1,21.110350471957855
PC2,JP1,23.75387925146972
PC2,JP1,16.311187214852033
PC2,JP1,11.39682339734182
PC2,JP1,22.7063492424716
PC2,JP1,3.613006199616791
PC2,JP1,23.522782430650476
PC2,JP1,16.856097796898432
PC2,JP1,16.44214718636267
PC2,JP1,19.45384909055495
PC2,JP1,23.01945340267625
PC2,JP1,5.848560155985563
PC2,JP1,10.90817168517611
PC2,JP1,1.0119024340495244
PC2,JP1,9.174858174841146
PC2,JP1,12.285412980874534
PC2,JP1,18.40481253914819
PC2,JP1,7.756664856266866
PC2,JP1,2.7588814802528887
PC2,JP1,21.370595692427887
PC2,JP1,6.115999944495655
PC2,JP1,10.952202493052935
PC2,JP1,18.89477143129035
PC2,JP1,0.1804372096037596
PC2,JP1,4.9167356207982
PC2,JP1,0.6848228555110403
PC2,JP1,20.50227906388727
PC2,JP1,19.819581643369865
PC2,JP1,8.520233173108828
PC2,JP1,22.08045084294651
PC2,JP1,20.252199416502265
PC2,JP1,11.513248115449208
PC2,JP1,9.233814258571668
PC2,JP1,13.68905528785616
PC2,JP1,9.971026946108802
PC2,JP1,17.721038458911607
PC2,JP1,19.29669522585429
PC2,JP1,22.7522774676579
PC2,JP1,18.31900494902545
PC2,JP1,20.35820849308777
PC2,JP1,6.347632928017376
PC2,JP1,0.101021911439453
PC2,JP1,9.887573712250587
PC2,JP1,8.716992025550965
PC2,JP1,20.369322246477974
PC2,JP1,10.739901028738943
PC2,JP1,19.680876837112542
PC2,JP1,19.43762707904338
PC2,JP1,16.37931864015519
PC2,JP1,14.995602053979525
PC2,JP1,12.7329607808495
PC2,JP1,18.90963137608297
PC2,JP1,7.24771429339885
PC2,JP1,7.012519415584496
PC2,JP1,6.297724653512859
PC2,JP1,20.56156202379217
PC2,JP1,9.776666748239656
PC2,JP1,3.961170573351037
PC2,JP1,20.52218541186671
PC2,JP1,13.887078835536087
PC2,JP1,0.8961901101352012
PC2,JP1,6.7318084132730895
PC2,JP1,5.248543256801909
PC2,JP1,19.66644748699698
PC2,JP1,7.73369205690728
PC2,JP1,19.39883993046572
PC2,JP1,17.97056221217607
PC2,JP1,7.200471285098853
PC2,JP1,23.313093888253515
PC2,JP1,4.782153201085574
PC2,JP1,5.183841582106439
PC2,JP1,8.178863843531857
PC2,JP1,0.8529512413123008
PC2,JP1,22.761929171844244
PC2,JP1,9.282931812154787
PC2,JP1,6.345148106602892
PC2,JP1,17.844381452440985
PC2,JP1,4.654227578788621
PC2,JP1,12.45814670911097
PC2,JP1,22.17801354369429
PC2,JP1,18.818180358699024
PC2,JP1,9.83983823477365
PC2,JP1,20.36765097687405
PC2,JP1,7.878414396003478
PC2,JP1,7.97188645707844
PC2,JP1,18.937906377651263
PC2,JP1,15.00676055146505
PC2,JP1,18.514734207597503
PC2,JP1,16.6293353271109
PC2,JP1,5.638440668300447
PC2,JP1,7.664584825044265
PC2,JP1,22.234492420617663
PC2,JP1,7.631915867082096
PC2,JP1,23.069468108506346
PC2,JP1,8.923711270733804
PC2,JP1,18.22307039175446
PC2,JP1,20.77474098273553
PC2,JP1,16.68395701756763
PC2,JP1,1.7465414678236897
PC2,JP1,12.788210001960358
PC2,JP1,8.971038221508472
PC2,JP1,18.772358807252203
PC2,JP1,20.382855642222808
PC2,JP1,9.922156967955452
PC2,JP1,8.623578050509337
PC2,JP1,6.076042477804727
PC2,JP1,17.011532851648575
PC2,JP1,20.42986208269984
PC2,JP1,19.737622428170745
PC2,JP1,13.427232371456334
PC2,JP1,0.993557617646978
PC2,JP1,8.111123192681475
PC2,JP1,1.432304255371335
PC2,JP1,19.07091178993493
PC2,JP1,11.866646665550684
PC2,JP1,8.096671806609251
PC2,JP1,1.1561674918016394
PC2,JP1,21.699545972174768
PC2,JP1,17.143892523078335
PC2,JP1,10.564137969747405
PC2,JP1,4.959079142860912
PC2,JP1,11.681594163434308
PC2,JP1,23.94498972162617
PC2,JP1,22.46750950907786
PC2,JP1,1.7570944714403467
PC2,JP1,3.1890553305117955
PC2,JP1,6.439235698076818
PC2,JP1,2.3219990805154502
PC2,JP1,5.931864073261863
PC2,JP1,8.339213505159343
PC2,JP1,16.639920769259607
PC2,JP1,3.066496478805533
PC2,JP1,4.852534088923811
PC2,JP1,17.760445162661945
PC2,JP1,9.013070237520726
PC2,JP1,19.98353534163296
PC2,JP1,19.20039812194481
PC2,JP1,9.525895318546986
PC2,JP1,19.636655389299207
PC2,JP1,22.349370695319685
PC2,JP1,4.938532222998536
PC2,JP1,12.8067461774309
PC2,JP1,16.624195484915365
PC2,JP1,22.170828601499892
PC2,JP1,13.493070155274488
PC2,JP1,4.986073348372482
PC2,JP1,7.258162790079343
PC2,JP1,8.002870465677503
PC2,JP1,23.107487823421508
PC2,JP1,12.445210669449391
PC2,JP1,10.600666773843948
PC2,JP1,8.114168735336847
PC2,JP1,7.423515992285978
PC2,JP1,22.012113019046943
PC2,JP1,3.5001632736954065
PC2,JP1,6.938454483821854
PC2,JP1,5.486298878611997
PC2,JP1,10.506820813784778
PC2,JP1,7.532048498916414
PC2,JP1,11.773674096364353
PC2,JP1,22.799089949960035
PC2,JP1,10.489344376261917
PC2,JP1,0.8404500841574603
PC2,JP1,14.858106672570267
PC2,JP1,16.905432939097928
PC2,JP1,15.502058618479278
PC2,JP1,20.4360684699505
PC2,JP1,2.580506518024851
PC2,JP1,10.681664148088188
PC2,JP1,1.7047936935207346
PC2,JP1,2.189368042683768
PC2,JP1,7.5205089204054225
PC2,JP1,7.069110610036926
PC2,JP1,9.586710085628711
PC2,JP1,20.37758645016556
PC2,JP1,10.06406271209756
PC2,JP1,19.60032965717588
PC2,JP1,11.972578793793891
PC2,JP1,0.71668529989212
PC2,JP1,0.1503159822829545
PC2,JP1,8.042316011069587
PC2,JP1,11.043286215248466
PC2,JP1,22.53138331582631
PC2,JP1,14.626800149121255
PC2,JP1,1.5447341386839677
PC2,JP1,0.134433413659412
PC2,JP1,7.05688419399943
PC2,JP1,6.377919534892051
PC2,JP1,22.55825303268457
PC2,JP1,18.707129412609014
PC2,JP1,0.1503265798218933
PC2,JP1,19.58641590953897
PC2,JP1,9.171423934512845
PC2,JP1,10.239361074585483
PC2,JP1,19.753455273779338
PC2,JP1,13.25862462304992
PC2,JP1,1.5679873064118863
PC2,JP1,10.484295156770216
PC2,JP1,6.101506845922017
PC2,JP1,10.300000903276292
PC2,JP1,16.986762923056993
PC2,JP1,3.549596394257229
PC2,JP1,10.860110466355737
PC2,JP1,15.432568343987551
PC2,JP1,15.651972675729574
PC2,JP1,13.381926049410984
PC2,JP1,15.985313017403923
PC2,JP1,11.665396281890498
PC2,JP1,18.746907138261548
PC2,JP1,6.681839601710124
PC2,JP1,14.083754609114989
PC2,JP1,10.50159966892408
PC2,JP1,0.99711083892457
PC2,JP1,15.37723347466149
PC2,JP1,2.798958596881981
PC2,JP1,19.37817452873816
PC2,JP1,5.480398892997695
PC2,JP1,11.92698638632874
PC2,JP1,17.011357743420707
PC2,JP1,2.544098424985716
PC2,JP1,20.71253553675732
PC2,JP1,3.577714274697499
PC2,JP1,4.194777525258999
PC2,JP1,23.474417706954647
PC2,JP1,19.655923950094127
PC2,JP1,17.938622165453815
PC2,JP1,23.123590018222306
PC2,JP1,10.427306527746314
PC2,JP1,21.703598307206583
PC2,JP1,21.259385026651604
PC2,JP1,19.161391961645123
PC2,JP1,14.361114666383594
PC2,JP1,1.313609713356147
PC2,JP1,19.813014023668067
PC2,JP1,6.363472564802635
PC2,JP1,11.328333122196923
PC2,JP1,9.976098675493189
PC2,JP1,20.301773657327335
PC2,JP1,6.9857239408268015
PC2,JP1,20.51013007740745
PC2,JP1,20.21213593203815
PC2,JP1,18.55337490542953
PC2,JP1,14.663010386800671
PC2,JP1,2.1291402309989103
PC2,JP1,18.68222124065526
PC2,JP1,6.651274422570783
PC2,JP1,19.0794395534392
PC2,JP1,20.937566963222054
PC2,JP1,6.7726620380182645
PC2,JP1,7.009056240284462
PC2,JP1,23.05541201047349
PC2,JP1,4.06124085332139
PC2,JP1,6.765115711988585
PC2,JP1,21.911905243124863
PC2,JP1,10.334160463401108
PC2,JP1,18.54048916655405
PC2,JP1,15.34356115504069
PC2,JP1,9.762297266377008
PC2,JP1,20.304619901909028
PC2,JP1,17.954182046817458
PC2,JP1,8.135152841686931
PC2,JP1,13.065929744391372
PC2,JP1,20.27411273192805
PC2,JP1,9.033973465401385
PC2,JP1,22.735194633825564
PC2,JP1,19.57565002054588
PC2,JP1,9.671105166123004
PC2,JP1,7.412371438968531
PC2,JP1,20.19796717441936
PC2,JP1,4.973921861973501
PC2,JP1,18.1205564397114
PC2,JP1,4.971596090619158
PC2,JP1,3.161643037537477
PC2,JP1,21.26192837119388
PC2,JP1,1.2713315600913333
PC2,JP1,17.30608641789381
PC2,JP1,7.293097175218168
PC2,JP1,19.704881917981147
PC2,JP1,17.441981760780383
PC2,JP1,4.786147057659996
PC2,JP1,12.580698101413542
PC2,JP1,21.479131767992573
PC2,JP1,19.72063700854672
PC2,JP1,22.300392879201706
PC2,JP1,1.418703501346041
PC2,JP1,20.142025147792715
PC2,JP1,8.7901189131141
PC2,JP1,20.53010238723168
PC2,JP1,8.053992956328713
PC2,JP1,14.199430114324777
PC2,JP1,22.221305477729
PC2,JP1,12.396217350306134
PC2,JP1,11.297312628991962
PC2,JP1,1.1348074243632524
PC2,JP1,7.954951414506944
PC2,JP1,8.990493671659024
PC2,JP1,22.13319195630069
PC2,JP1,6.211177300728139
PC2,JP1,19.04494144895891
PC2,JP1,20.988551382517134
PC2,JP1,21.86689869127879
PC2,JP1,11.259183651593526
PC2,JP1,10.8897536797565
PC2,JP1,22.79418390419218
PC2,JP1,1.1876264569976804
PC2,JP1,10.085945911616111
PC2,JP1,9.395827107405347
PC2,JP1,9.462941817768876
PC2,JP1,8.28761549884834
PC2,JP1,9.932000470099393
PC2,JP1,2.5225810818215706
PC2,JP1,7.745886019854289
PC2,JP1,7.184709735247296
PC2,JP1,10.331203470701492
PC2,JP1,15.65502654591526
PC2,JP1,12.170727520115546
PC2,JP1,21.745809772722723
PC2,JP1,5.990455275155114
PC2,JP1,16.55216051472533
PC2,JP1,22.828630178976237
PC2,JP1,23.04123871142032
PC2,JP1,14.16768520483194
PC2,JP1,13.278692142259056
PC2,JP1,12.75257585598085
PC2,JP1,21.93750068720288
PC2,JP1,14.09418276891685
PC2,JP1,8.504038839443382
PC2,JP1,5.070402187193714
PC2,JP1,22.11559920761663
PC2,JP1,18.005492048185523
PC2,JP1,1.7737504220684457
PC2,JP1,10.26290588512886
PC2,JP1,12.920323894561864
PC2,JP1,22.767130496065565
PC2,JP1,20.30450563880296
PC2,JP1,11.155986504300106
PC2,JP1,9.654033692273362
PC2,JP1,20.423103037093064
PC2,JP1,7.876322305464651
PC2,JP1,1.0950623404626256
PC2,JP1,12.73028547947272
PC2,JP1,6.39651950426223
PC2,JP1,21.33017174066685
PC2,JP1,2.3588608733315155
PC2,JP1,21.17004475837713
PC2,JP1,9.343342162895814
PC2,JP1,6.36675221189078
PC2,JP1,11.186206367576514
PC2,JP1,5.8215612731114135
PC2,JP1,18.36956340707884
PC2,LA1,16.180951984683823
PC2,LA1,2.960592984261247
PC2,LA1,21.67630513818328
PC2,LA1,9.768602118536954
PC2,LA1,0.0794740874866084
PC2,LA1,13.309913994552469
PC2,LA1,15.995511994552146
PC2,LA1,11.942707244449302
PC2,LA1,13.485584439847212
PC2,LA1,11.810303083563484
PC2,LA1,20.08115805676307
PC2,LA1,0.9541572538165966
PC2,LA1,5.116721681522746
PC2,LA1,22.467532094536587
PC2,LA1,6.309120694579647
PC2,LA1,18.994628083464093
PC2,LA1,6.996659895350014
PC2,LA1,13.105474666901536
PC2,LA1,15.417871343489916
PC2,LA1,8.07011294394166
PC2,LA1,13.136869195259637
PC2,LA1,14.494673874161297
PC2,LA1,10.941412381562962
PC2,LA1,12.29617443195638
PC2,LA1,15.487547692250146
PC2,LA1,6.480554748495626
PC2,LA1,0.1594771763190205
PC2,LA1,19.137176016473177
PC2,LA1,17.339891725745996
PC2,LA1,6.961801966307281
PC2,LA1,8.58535348649481
PC2,LA1,20.07382516466921
PC2,LA1,20.15119939800676
PC2,LA1,1.3382688418505475
PC2,NA1,13.95607413464225
PC2,NA1,15.301406640616555
PC2,NA1,6.515510634345519
PC2,NA1,9.343578911109097
PC2,NA1,10.024146149683943
PC2,NA1,16.660267586930907
PC2,NA1,22.48802091537016
PC2,NA1,9.3553566543305
PC2,NA1,11.02983875462079
PC2,NA1,5.340463009581123
PC2,NA1,23.18270003137958
PC2,NA1,3.117106513236841
PC2,NA1,12.410241471358926
PC2,NA1,17.556858551645284
PC2,NA1,12.587994471080345
PC2,NA1,8.783135186671428
PC2,NA1,20.9412051719614
PC2,NA1,23.47157176241423
PC2,NA1,8.02857308080668
PC2,NA1,11.998117972085597
PC2,NA1,5.281981195772113
PC2,NA1,20.014464263095704
PC2,NA1,23.131614775071288
PC2,NA1,11.241121270145538
PC2,NA1,8.198735642762356
PC2,NA1,19.154379849507805
PC2,NA1,0.1308844301199609
PC2,NA1,14.281763527467916
PC2,NA1,11.189977699431154
PC2,NA1,2.9761315902239103
PC2,NA1,14.79005349159489
PC2,NA1,21.704432888931876
PC2,NA1,16.59910443809525
PC2,NA1,2.0336915384663667
PC2,NA1,15.773185817580377
PC2,NA1,21.5078681589781
PC2,NA1,14.70797928353965
PC2,NA1,19.938417722203727
PC2,NA1,8.548066137326764
PC2,NA1,10.336792192906747
PC2,NA1,13.368832228526893
PC2,NA1,8.105701784498018
PC2,NA1,4.977170534376258
PC2,NA1,17.048923100178133
PC2,NA1,8.847919154134974
PC2,NA1,14.993561325892475
PC2,NA1,11.948052449159244
PC2,NA1,17.85098406421237
PC2,NA1,10.880331983296928
PC2,NA1,7.181004799769585
PC2,NA1,12.363386626645053
PC2,NA1,17.696714909601027
PC2,NA1,13.15546891628378
PC2,NA1,19.98307697944277
PC2,NA1,10.804865376835728
PC2,NA1,13.592226862808792
PC2,NA1,15.10345276784468
PC2,NA1,7.840040529591304
PC2,NA1,20.74340346106243
PC2,NA1,23.077188415234403
PC2,NA1,4.325615410261133
PC2,NA1,5.303842210746977
PC2,NA1,19.133153764926448
PC2,NA1,5.571481241753457
PC2,NA1,11.002695684548849
PC2,NA1,14.52535921421984
PC2,NA1,11.941928286341746
PC2,NA1,17.011462943753234
PC2,NA1,20.019287461972773
PC2,NA1,15.903275258825204
PC2,NA1,19.47115177913394
PC2,NA1,14.713921241799545
PC2,NA1,8.299455316997927
PC2,NA1,5.214388185712981
PC2,NA1,20.560434241663653
PC2,NA1,9.901844374895354
PC2,NA1,15.107107497195608
PC2,NA1,7.673793783655855
PC2,NA1,2.558625143015613
PC2,NA1,20.712963518060207
PC2,NA1,4.530335799075495
PC2,NA1,3.880241095418299
PC2,NA1,6.934457652245923
PC2,NA1,12.229383250703188
PC2,NA1,19.36747992502526
PC2,NA1,4.268304657667766
PC2,NA1,5.74044071073498
PC2,NA1,12.04519200458645
PC2,NA1,8.102856891045798
PC2,NA1,0.7316049888862244
PC2,NA1,5.526097534798655
PC2,NA1,4.440632490635586
PC2,NA1,1.6217516368908091
PC2,NA1,19.80569505612025
PC2,NA1,10.276584746134509
PC2,NA1,10.99461488711168
PC2,NA1,7.381966411710646
PC2,NA1,16.719952363149226
PC2,NA1,3.348666776905157
PC2,NA1,9.93448648268804
PC2,NA1,10.146710148671486
PC2,NA1,16.8445450814608
PC2,NA1,7.134699974857835
PC2,NA1,22.66765729048454
PC2,NA1,14.299867994663508
PC2,NA1,6.276800733736168
PC2,NA1,0.6509973031678546
PC2,NA1,20.88295771326954
PC2,NA1,16.638405077717408
PC2,NA1,22.80961494643528
PC2,NA1,10.192116836114828
PC2,NA1,16.418498618442033
PC2,NA1,20.68001481166244
PC2,NA1,20.19467440514559
PC2,NA1,11.414738590400766
PC2,NA1,16.15053566804093
PC2,NA1,12.350756913101606
PC2,NA1,18.4675343078701
PC2,NA1,12.604906807232286
PC2,NA1,15.439634485774818
PC2,NA1,17.535284377043926
PC2,NA1,6.172121647725032
PC2,NA1,4.280898917273641
PC2,NA1,10.25568861778971
PC2,NA1,11.676334800979149
PC2,NA1,7.651632227159093
PC2,NA1,16.167578813430843
PC2,NA1,18.20042386894861
PC2,NA1,7.2486915755421695
PC2,NA1,6.0718337680584575
PC2,NA1,15.11984429996498
PC2,NA1,3.749004995537996
PC2,NA1,15.113371028500762
PC2,NA1,13.765657959978531
PC2,NA1,8.710064364854327
PC2,NA1,10.323057214654014
PC2,NA1,10.718372428364995
PC2,NA1,6.915773469978641
PC2,NA1,7.404642351031162
PC2,NA1,15.06626831514998
PC2,NA1,4.056170024247267
PC2,NA1,12.865353759404847
PC2,NA1,14.26977258462853
PC2,NA1,17.101545005840162
PC2,NA1,6.332156766865271
PC2,NA1,5.257634883869168
PC2,NA1,13.751526779797413
PC2,NA1,2.0850521492349428
PC2,NA1,5.309950928700841
PC2,NA1,1.9751927367301196
PC2,NA1,13.778920360918796
PC2,NA1,2.5110673072210608
PC2,NA1,11.284006949152412
PC2,NA1,11.476722502272011
PC2,NA1,12.122543494925786
PC2,NA1,1.099898161398543
PC2,NA1,11.049618691731144
PC2,NA1,18.731984027408203
PC2,NA1,7.325245081160624
PC2,NA1,8.544276943877518
PC2,NA1,11.144972870778158
PC2,NA1,10.782579921045258
PC2,NA1,0.9314453695919918
PC2,NA1,1.3579674635986825
PC2,NA1,20.109202859738534
PC2,NA1,3.820132422090968
PC2,NA1,10.90120725251395
PC2,NA1,10.660756871259316
PC2,NA1,3.951482985761469
PC2,NA1,14.3479432801728
PC2,NA1,5.2555610616168735
PC2,NA1,4.878902093871217
PC2,NA1,11.368411967790925
PC2,NA1,10.93930812988596
PC2,NA1,17.844467459173366
PC2,NA1,8.92783679465023
PC2,NA1,20.12719394340108
PC2,NA1,11.44853245394444
PC2,NA1,16.62543214497458
PC2,NA1,4.006526208461125
PC2,NA1,23.589442525186
PC2,NA1,3.07091716859922
PC2,NA1,17.963215700310656
PC2,NA1,16.796036012636133
PC2,NA1,9.020995055199403
PC2,NA1,4.443721195641654
PC2,NA1,10.491556060821146
PC2,NA1,22.5768057079746
PC2,NA1,5.099071047856368
PC2,NA1,11.09442403030135
PC2,NA1,14.749922034071588
PC2,NA1,9.002678522680439
PC2,NA1,21.145125752411847
PC2,NA1,13.189964788199855
PC2,NA1,22.437272812937067
PC2,NA1,5.742259679002457
PC2,NA1,4.943068040254854
PC2,NA1,5.743601469004352
PC2,NA1,20.110080159591444
PC2,NA1,12.177122695695278
PC2,NA1,16.793048506818746
PC2,NA1,11.973736013429384
PC2,NA1,8.062774354556689
PC2,NA1,21.68844042696597
PC2,NA1,15.031451935806349
PC2,NA1,21.48807071714166
PC2,NA1,0.5043885410871347
PC2,NA1,10.968484590933068
PC2,NA1,4.50905584820711
PC2,NA1,16.212365400510688
PC2,NA1,5.397673034094181
PC2,NA1,10.373541444502912
PC2,NA1,19.396086398800826
PC2,NA1,16.94172238730723
PC2,NA1,5.215214320582852
PC2,NA1,17.418551314001792
PC2,NA1,17.130658537791078
PC2,NA1,17.32078693156
PC2,NA1,17.81405332855055
PC2,NA1,3.3346788015262074
PC2,NA1,13.323331427167506
PC2,NA1,18.68353112679204
PC2,NA1,11.765695390523687
PC2,NA1,17.733747846923297
PC2,NA1,8.32628276182673
PC2,NA1,19.80899642442346
PC2,NA1,22.94525560574891
PC2,NA1,23.8646220624052
PC2,NA1,21.98005058261905
PC2,NA1,12.0213096740899
PC2,NA1,8.699847132281292
PC2,NA1,18.983537542000928
PC2,NA1,19.04272604327957
PC2,NA1,2.4676046755084675
PC2,NA1,7.501879599108376
PC2,NA1,21.01106857844143
PC2,NA1,3.704087145053133
PC2,NA1,11.565354738681634
PC2,NA1,11.854730683838156
PC2,NA1,15.490622093815908
PC2,NA1,16.191985700869342
PC2,NA1,17.388768154869346
PC2,NA1,18.85657792971584
PC2,NA1,17.592008521963237
PC2,NA1,4.757797284961947
PC2,NA1,19.075549345043115
PC2,NA1,9.309923232893109
PC2,NA1,20.064852263616856
PC2,NA1,20.26981741356872
PC2,NA1,20.9921948997849
PC2,NA1,5.832187065131263
PC2,NA1,13.975108484997817
PC2,NA1,12.930522973790858
PC2,NA1,2.7318949512294424
PC2,NA1,8.077849888677251
PC2,NA1,16.551136860302282
PC2,NA1,12.463595156953067
PC2,NA1,17.01047704369108
PC2,NA1,4.15174577957931
PC2,NA1,9.16265242708186
PC2,NA1,11.784753056004448
PC2,NA1,11.359540910583384
PC2,NA1,8.944548409481516
PC2,NA1,5.724261994496226
PC2,NA1,12.008749693329804
PC2,NA1,14.00766898566555
PC2,NA1,7.104292726044035
PC2,NA1,11.373755083828575
PC2,NA1,16.484316783467992
PC2,NA1,18.415846071858216
PC2,NA1,11.817412631340996
PC2,NA1,5.3177879805107136
PC2,NA1,4.14742029606419
PC2,NA1,20.250928564636272
PC2,NA1,10.77247303054526
PC2,NA1,9.794831668262011
PC2,NA1,13.92515342224176
PC2,NA1,20.62084534516641
PC2,NA1,8.682866291869507
PC2,NA1,2.052140070151502
PC2,NA1,2.311590772897308
PC2,NA1,9.947467081652425
PC2,OC1,10.442283950386193
PC2,OC1,17.7754965048599
PC2,OC1,18.563406280711035
PC2,OC1,6.7875808839577765
PC2,OC1,7.081135083166309
PC2,OC1,7.351036335563901
PC2,OC1,23.730761798355317
PC2,OC1,12.449953484923872
PC2,OC1,5.861106165417553
PC2,OC1,14.819045399826544
PC2,OC1,14.87979034558154
PC2,OC1,6.671117591315923
PC2,OC1,0.7670185268650833
PC2,OC1,22.03499077042617
PC2,OC1,15.150324435926194
PC2,OC1,9.527821492188735
PC2,OC1,10.62004055492202
PC2,OC1,15.291313985205534
PC2,OC1,16.332010824074306
PC2,OC1,4.270582930320629
PC2,OC1,16.109412295481533
PC2,OC1,16.219462418538832
PC2,OC1,14.160216353965811
PC2,OC1,13.611832458106417
PC2,OC1,5.564447396591518
PC2,OC1,15.885191945446069
PC2,OC1,1.5191335531811203
PC2,OC1,4.899187229202319
PC2,OC1,8.83661371347101
PC2,OC1,10.96005666049532
PC2,OC1,8.340809107549916
PC2,OC1,19.184343457541296
PC2,OC1,15.207713120690698
PC2,OC1,11.87061274019272
PC2,OC1,5.399790716114275
PC2,OC1,22.458370010138697
PC2,OC1,7.953665206110379
PC2,OC1,10.10508515310696
PC2,OC1,9.73905417028068
PC2,OC1,4.028921785172745
PC2,OC1,7.748665426859354
PC2,OC1,18.02430345533228
PC2,OC1,9.771263699173211
PC2,OC1,8.094236376612542
PC2,OC1,9.621320325493343
PC2,OC1,13.181699957877354
PC2,TR1,14.612733150888882
PC2,TR1,8.81309179916846
PC2,TR1,19.576851930296264
PC2,TR1,21.860885839977925
PC2,TR1,20.256241923968258
PC2,TR1,15.403834451242176
PC2,TR1,20.005356364220724
PC2,TR1,14.025080285651738
PC2,TR1,2.10854686964052
PC2,TR1,16.203256262392053
PC2,TR1,16.72830948580092
PC2,TR1,17.729230294481617
PC2,TR1,19.677195429412475
PC2,TR1,3.6875849701146017
PC2,TR1,6.102042835188147
PC2,TR1,21.784115375363623
PC2,TR1,8.487207940942493
PC2,TR1,22.385569160496928
PC2,TR1,7.473337402177818
PC2,TR1,14.909382455314276
PC2,TR1,13.143533686135392
PC2,TR1,21.16541183028656
PC2,TR1,15.707210310144838
PC2,TR1,8.762408747060409
PC2,TR1,1.5100499783344254
PC2,TR1,21.326894431523137
PC2,TR1,20.605029145191235
PC2,TR1,3.236588372105217
PC2,TR1,23.07810861007219
PC2,TR1,3.133270105236293
PC2,TR1,18.67927588539084
PC2,TR1,15.38120696587252
PC2,TR1,16.339134184229586
PC2,TR1,17.171934096514484
PC2,TR1,19.34658049245598
PC2,TR1,8.356793968133037
PC2,TR1,20.76517959847613
PC2,TR1,11.147151230203065
PC2,TR1,17.92132547400755
PC2,TR1,16.139511333824665
PC2,TR1,18.87893901546088
PC2,TR1,4.448591546080981
PC2,TR1,15.260863280789016
PC2,TR1,18.604127169904352
PC2,TR1,21.90940975179293
PC2,TR1,13.299825234307532
PC2,TR1,21.2904264441733
PC2,TR1,12.948069915207542
PC2,TR1,8.54361993544228
PC2,TR1,18.634500731173347
PC2,TR1,23.022021914869896
PC2,TR1,9.638380980418116
PC2,TR1,18.219347537786117
PC2,TR1,2.998583338050264
PC2,TR1,17.893909017520446
PC2,TR1,9.777411574511907
PC2,TR1,16.50549898145489
PC2,TR1,14.17528198512141
PC2,TR1,23.636086672679
PC2,TR1,1.7620849478925216
PC2,TR1,6.5478849673189465
PC2,TR1,5.402909633652765
PC2,TR1,4.309417189433767
PC2,TR1,0.8478872346309849
PC2,TR1,19.06765623573941
PC2,TR1,1.7865025079093575
PC2,TR1,0.6271149040307549
PC2,TR1,18.44000612608194
PC2,TR1,10.579586463717902
PC2,TR1,18.550027385211568
PC2,TR1,20.439438970613672
PC2,TR1,11.593649111887556
