component,feature,n_servers,weight_col,weight_sum,weighted_mean_loading,weighted_sd_loading,min_loading,max_loading
PC1,assists_per_min,11,server_n_win_games,101654115.0,0.353651309592898,0.024223191808650683,0.1070993428367859,0.3838023940901104
PC1,damdealt_per_min,11,server_n_win_games,101654115.0,0.40636681007648634,0.021362457596066853,0.3739062887737742,0.4920128654653789
PC1,deaths_per_min,11,server_n_win_games,101654115.0,0.18175413832053733,0.22067409806611063,-0.2509281320570755,0.4218349774444243
PC1,enemycreep_per_min,11,server_n_win_games,101654115.0,0.24384243106867082,0.2000980694796719,-0.2685494518124606,0.4126991938021165
PC1,gold_per_min,11,server_n_win_games,101654115.0,0.40653247664037234,0.03432532063942918,0.3310734653226955,0.5428738519737412
PC1,kills_per_min,11,server_n_win_games,101654115.0,0.4105566392200952,0.017475791410758324,0.3740119007685166,0.486205107383222
PC1,neutralcreep_per_min,11,server_n_win_games,101654115.0,0.16465418520767597,0.09446052997747949,-0.0426479509525706,0.3050907706869086
PC1,timedead_fraction,11,server_n_win_games,101654115.0,0.12366463731609727,0.21530432538817448,-0.244616939413783,0.4212608995323086
PC1,win_rate,11,server_n_win_games,101654115.0,0.29146649018939486,0.0978734613795941,0.0369252881522728,0.354408536316702
PC2,assists_per_min,11,server_n_win_games,101654115.0,-0.011426823366980652,0.16269371058201043,-0.203286956955935,0.3230826692382199
PC2,damdealt_per_min,11,server_n_win_games,101654115.0,0.046470248699557015,0.1007515048583646,-0.1657303658874448,0.2518736005180033
PC2,deaths_per_min,11,server_n_win_games,101654115.0,-0.15367722457370137,0.5165952834943867,-0.6635705547157484,0.6811112871966505
PC2,enemycreep_per_min,11,server_n_win_games,101654115.0,0.25527916736403744,0.22750730653598755,-0.2134041056202901,0.5409683747911374
PC2,gold_per_min,11,server_n_win_games,101654115.0,0.15734230460159215,0.13494830775277578,-0.0120229266862989,0.4835832521603491
PC2,kills_per_min,11,server_n_win_games,101654115.0,0.0721092734781141,0.1114095481952969,-0.0322242618410255,0.2588862803318864
PC2,neutralcreep_per_min,11,server_n_win_games,101654115.0,0.2559173258717141,0.2679461868240436,-0.214955428356025,0.6905348687037856
PC2,timedead_fraction,11,server_n_win_games,101654115.0,-0.20611954151590364,0.5309747734542078,-0.6923586862418397,0.6683956876275736
PC2,win_rate,11,server_n_win_games,101654115.0,0.14404938979064286,0.10313782145270872,-0.288664579931288,0.246440868914704
PC3,assists_per_min,11,server_n_win_games,101654115.0,0.2803232324494797,0.13731268834923843,0.0467027515228475,0.6469047119531361
PC3,damdealt_per_min,11,server_n_win_games,101654115.0,0.09936999583865015,0.06077932374606881,-0.1851476967995397,0.1746703648793017
PC3,deaths_per_min,11,server_n_win_games,101654115.0,-0.08475548549305288,0.06152331264411175,-0.1314908763072913,0.0595029109485165
PC3,enemycreep_per_min,11,server_n_win_games,101654115.0,0.055009864058292404,0.18629634041028023,-0.681491405626903,0.3613707032856272
PC3,gold_per_min,11,server_n_win_games,101654115.0,-0.08102253018999707,0.035551884013953386,-0.1520145384860549,0.0750841531670259
PC3,kills_per_min,11,server_n_win_games,101654115.0,0.013687385869487628,0.03283187058171783,-0.0379772703433528,0.0618294587893455
PC3,neutralcreep_per_min,11,server_n_win_games,101654115.0,-0.713438583913925,0.32827998838682626,-0.9508125355388842,0.6857076683398217
PC3,timedead_fraction,11,server_n_win_games,101654115.0,-0.22856098026307203,0.08602003489651432,-0.3264579974901451,0.0110073389382603
PC3,win_rate,11,server_n_win_games,101654115.0,0.28525797930668195,0.27097353564409565,-0.0012390273416603,0.9897644894408008
PC4,assists_per_min,11,server_n_win_games,101654115.0,0.36413999691399473,0.16051356843009743,0.0179982662110019,0.694906133019275
PC4,damdealt_per_min,11,server_n_win_games,101654115.0,-0.031016541284717578,0.11346654519310233,-0.1427312569836077,0.2399149963153581
PC4,deaths_per_min,11,server_n_win_games,101654115.0,-0.01699333924525228,0.10310678975159504,-0.145608783844428,0.2110301317181812
PC4,enemycreep_per_min,11,server_n_win_games,101654115.0,-0.4669995470545998,0.4621649921548503,-0.7374756270162318,0.7402808046623776
PC4,gold_per_min,11,server_n_win_games,101654115.0,-0.09354797149554629,0.12802343367114952,-0.1854863631291677,0.2423387273424254
PC4,kills_per_min,11,server_n_win_games,101654115.0,-0.04926878802262419,0.03659138917742776,-0.1847039630866927,-0.0160689721390134
PC4,neutralcreep_per_min,11,server_n_win_games,101654115.0,0.13983933681740193,0.3338144854785829,-0.7541146430646152,0.5675970726774419
PC4,timedead_fraction,11,server_n_win_games,101654115.0,-0.1251210863647155,0.1155980568287068,-0.3024472537216462,0.1376064958199678
PC4,win_rate,11,server_n_win_games,101654115.0,0.37820973153419096,0.23073885467555755,-0.0634657795176122,0.6360291157152422
PC5,assists_per_min,11,server_n_win_games,101654115.0,0.21239645679525904,0.41563750044210396,-0.5416527286429037,0.5852902090468816
PC5,damdealt_per_min,11,server_n_win_games,101654115.0,0.16306141143417008,0.2419152222103967,-0.1926085158824654,0.6243480949311533
PC5,deaths_per_min,11,server_n_win_games,101654115.0,-0.052622346049115844,0.14968516864999232,-0.3664328246260316,0.2610757591203712
PC5,enemycreep_per_min,11,server_n_win_games,101654115.0,-0.07161713184332591,0.15317512196164837,-0.3415504153719457,0.1726731251819849
PC5,gold_per_min,11,server_n_win_games,101654115.0,0.0070725388484325375,0.07624120239539266,-0.124679904577334,0.0917302607867123
PC5,kills_per_min,11,server_n_win_games,101654115.0,0.03252914476785244,0.17140225030178544,-0.3344656615309537,0.1869477831634098
PC5,neutralcreep_per_min,11,server_n_win_games,101654115.0,0.1035126443703565,0.13657916223270808,-0.1230234776025043,0.4161624096784168
PC5,timedead_fraction,11,server_n_win_games,101654115.0,-0.1371041297595357,0.20144069966871217,-0.3918428637776222,0.2092456594330214
PC5,win_rate,11,server_n_win_games,101654115.0,-0.20814830951200197,0.6891188954035817,-0.8026933639653975,0.9075013238475732
PC6,assists_per_min,11,server_n_win_games,101654115.0,-0.18555181138315313,0.4903049025485508,-0.6164604980907625,0.7612359219318678
PC6,damdealt_per_min,11,server_n_win_games,101654115.0,0.07630111225023258,0.2933215956124825,-0.5842327347223478,0.4374004439257226
PC6,deaths_per_min,11,server_n_win_games,101654115.0,0.16621532077688686,0.3378984703886228,-0.5219294125017149,0.4886813218776448
PC6,enemycreep_per_min,11,server_n_win_games,101654115.0,-0.18853924153418383,0.15242027718733844,-0.6609476353304274,0.0624459493621424
PC6,gold_per_min,11,server_n_win_games,101654115.0,-0.04968044392935228,0.11086496291389275,-0.1523427204641026,0.1907537528419526
PC6,kills_per_min,11,server_n_win_games,101654115.0,0.29755501407004126,0.35371055236887955,-0.3937796953111722,0.645779081485022
PC6,neutralcreep_per_min,11,server_n_win_games,101654115.0,-0.05793497581549473,0.059735789944699774,-0.391354627498063,0.0205308203124624
PC6,timedead_fraction,11,server_n_win_games,101654115.0,-0.2600360495005026,0.35707524572486415,-0.5596332698539421,0.5564919714304507
PC6,win_rate,11,server_n_win_games,101654115.0,-0.0010739219782286795,0.04768153469546635,-0.1041048415231552,0.0838813218181504
PC7,assists_per_min,11,server_n_win_games,101654115.0,-0.1640241918943606,0.1535614291297601,-0.310061850279738,0.1866544247577374
PC7,damdealt_per_min,11,server_n_win_games,101654115.0,0.26585349946852366,0.4774351444359066,-0.7685746849790783,0.7867465031765621
PC7,deaths_per_min,11,server_n_win_games,101654115.0,-0.29878292832718006,0.32253755185218674,-0.6335763957116535,0.2982278344351291
PC7,enemycreep_per_min,11,server_n_win_games,101654115.0,-0.22688730780343247,0.20471456797894694,-0.4968336618919386,0.1790504395574656
PC7,gold_per_min,11,server_n_win_games,101654115.0,-0.012000712230120118,0.2310949245639226,-0.3498638120832756,0.4400948855789661
PC7,kills_per_min,11,server_n_win_games,101654115.0,0.28171765680836414,0.20534125210634474,-0.2868341093355877,0.5825480409392321
PC7,neutralcreep_per_min,11,server_n_win_games,101654115.0,-0.06377945692377728,0.058552337321548825,-0.1345644578349843,0.0675595933508523
PC7,timedead_fraction,11,server_n_win_games,101654115.0,0.10495382742756192,0.4118450668066301,-0.7673178045364601,0.5019949813428545
PC7,win_rate,11,server_n_win_games,101654115.0,-0.009451380647459111,0.030149595944775637,-0.0890075711695539,0.0589812226687989
PC8,assists_per_min,11,server_n_win_games,101654115.0,-0.07412235489761969,0.12474260464419759,-0.2030220579290993,0.1287107887201879
PC8,damdealt_per_min,11,server_n_win_games,101654115.0,-0.3783188794611637,0.3209021540154646,-0.7971978920746623,0.2688272837758924
PC8,deaths_per_min,11,server_n_win_games,101654115.0,-0.35200885124801173,0.20193307558869417,-0.6903002034202651,0.624140744866188
PC8,enemycreep_per_min,11,server_n_win_games,101654115.0,-0.2173647531199704,0.13110076703601717,-0.4105837033603228,0.1882747984464162
PC8,gold_per_min,11,server_n_win_games,101654115.0,0.5379605532979868,0.09017708970832329,-0.3596565991102002,0.7205861039242709
PC8,kills_per_min,11,server_n_win_games,101654115.0,0.29415626421570173,0.20715444603695055,-0.1362476234529116,0.5253015336075316
PC8,neutralcreep_per_min,11,server_n_win_games,101654115.0,-0.1545016729418726,0.03740262941037977,-0.1861214753677763,0.1851803310642949
PC8,timedead_fraction,11,server_n_win_games,101654115.0,0.12013837216701256,0.1892414435996547,-0.6462947858476054,0.6046971403949182
PC8,win_rate,11,server_n_win_games,101654115.0,-0.03327968697609552,0.011072323733405016,-0.0544667863426051,0.043008217981759
PC9,assists_per_min,11,server_n_win_games,101654115.0,-0.15592102199622987,0.05830375249807277,-0.2371490146748494,-0.0036230848436014
PC9,damdealt_per_min,11,server_n_win_games,101654115.0,0.23139751189912983,0.13947083453490203,-0.1294289662811385,0.303589438880062
PC9,deaths_per_min,11,server_n_win_games,101654115.0,0.04267693196795092,0.28125558784396026,-0.6982691307153677,0.3009010438865099
PC9,enemycreep_per_min,11,server_n_win_games,101654115.0,-0.23656152925273033,0.11403687160571468,-0.4145337529852799,0.0023166395152759
PC9,gold_per_min,11,server_n_win_games,101654115.0,0.5581002287419292,0.2728287422072898,-0.1607848189105132,0.7506634813335115
PC9,kills_per_min,11,server_n_win_games,101654115.0,-0.41884589910804126,0.37148989633105917,-0.630580377584045,0.5575253842137577
PC9,neutralcreep_per_min,11,server_n_win_games,101654115.0,-0.08946655654044508,0.043175356430728534,-0.226232481197385,0.0074688505902822
PC9,timedead_fraction,11,server_n_win_games,101654115.0,-0.08267243740136679,0.18183657246681192,-0.2941956367646071,0.3980652304431186
PC9,win_rate,11,server_n_win_games,101654115.0,-0.015928731875697603,0.0055860465557634395,-0.0422583409968372,-0.0059686218457781
