platform,utc_offset_hours,utc_hour,local_hour,n_games,fraction
BR1,-3,0,21,77816,0.063094991952583
BR1,-3,1,22,76041,0.061655781369723
BR1,-3,2,23,72992,0.0591835824586581
BR1,-3,3,0,66057,0.0535605258997093
BR1,-3,4,1,54822,0.0444509310273531
BR1,-3,5,2,41768,0.0338664493661392
BR1,-3,6,3,28891,0.0234254833517795
BR1,-3,7,4,18963,0.0153756339621264
BR1,-3,8,5,13355,0.0108285393431523
BR1,-3,9,6,11038,0.0089498627682303
BR1,-3,10,7,12982,0.0105261024150358
BR1,-3,11,8,18566,0.0150537372852839
BR1,-3,12,9,27114,0.0219846511231923
BR1,-3,13,10,35680,0.0289301597726452
BR1,-3,14,11,43232,0.0350534940384248
BR1,-3,15,12,50135,0.040650604265739
BR1,-3,16,13,60892,0.0493726258093025
BR1,-3,17,14,69306,0.0561948893834908
BR1,-3,18,15,72679,0.0589297949023566
BR1,-3,19,16,74428,0.0603479240907635
BR1,-3,20,17,74747,0.0606065765842465
BR1,-3,21,18,75696,0.0613760474817868
BR1,-3,22,19,78023,0.0632628322853447
BR1,-3,23,20,78092,0.063318779062932
EUN1,2,0,2,33232,0.0264526805706685
EUN1,2,1,3,23707,0.0188707781141321
EUN1,2,2,4,17537,0.0139594565228639
EUN1,2,3,5,13506,0.0107507794832525
EUN1,2,4,6,12613,0.0100399512529442
EUN1,2,5,7,14489,0.0115332477367722
EUN1,2,6,8,19886,0.0158292611286806
EUN1,2,7,9,28605,0.0227695873773463
EUN1,2,8,10,37634,0.0299566737059622
EUN1,2,9,11,47218,0.037585540177715
EUN1,2,10,12,54255,0.043186993992586
EUN1,2,11,13,62008,0.0493583839921164
EUN1,2,12,14,68780,0.0547488977386428
EUN1,2,13,15,72596,0.0577864347228048
EUN1,2,14,16,75853,0.0603790075627984
EUN1,2,15,17,77846,0.0619654360768012
EUN1,2,16,18,79902,0.063602012607052
EUN1,2,17,19,83063,0.0661181694222868
EUN1,2,18,20,86332,0.0687202942653753
EUN1,2,19,21,85819,0.0683119461330705
EUN1,2,20,22,81314,0.0647259649712126
EUN1,2,21,23,72700,0.0578692187496268
EUN1,2,22,0,60564,0.0482089596197029
EUN1,2,23,1,46822,0.037270324075585
EUW1,1,0,1,55615,0.0375947981751161
EUW1,1,1,2,41679,0.028174298177482
EUW1,1,2,3,29625,0.0200259983086903
EUW1,1,3,4,20788,0.0140523359608795
EUW1,1,4,5,16686,0.0112794534271327
EUW1,1,5,6,15772,0.0106616049054739
EUW1,1,6,7,18415,0.0124482281469884
EUW1,1,7,8,25551,0.0172720433007712
EUW1,1,8,9,34681,0.0234437686867068
EUW1,1,9,10,44883,0.0303401479186143
EUW1,1,10,11,53138,0.0359203881224367
EUW1,1,11,12,63004,0.0425896370444127
EUW1,1,12,13,72591,0.0490702866911778
EUW1,1,13,14,82172,0.0555468804395512
EUW1,1,14,15,89151,0.0602645662520862
EUW1,1,15,16,93358,0.0631084270076866
EUW1,1,16,17,95009,0.064224475048451
EUW1,1,17,18,93996,0.0635397042033303
EUW1,1,18,19,95578,0.064609109412591
EUW1,1,19,20,97080,0.0656244359766299
EUW1,1,20,21,96108,0.0649673804371853
EUW1,1,21,22,92350,0.0624270360778921
EUW1,1,22,23,82502,0.055769954851091
EUW1,1,23,0,69595,0.0470450414276221
JP1,9,0,9,89,6.127083983045189e-05
JP1,9,1,10,110,7.572800428482817e-05
JP1,9,2,11,1,6.88436402589347e-07
JP1,9,3,12,8427,0.0058014535646204
JP1,9,4,13,12384,0.0085255964096664
JP1,9,5,14,15180,0.0104504645913062
JP1,9,6,15,70665,0.0486483583889762
JP1,9,7,16,90043,0.0619888789983525
JP1,9,8,17,106476,0.0733019544021033
JP1,9,9,18,110005,0.0757314464668411
JP1,9,10,19,126341,0.0869777435395406
JP1,9,11,20,148927,0.1025267681284236
JP1,9,12,21,151370,0.1042086182599494
JP1,9,13,22,145029,0.0998432430311304
JP1,9,14,23,131029,0.0902051333948795
JP1,9,15,0,112292,0.0773059005195629
JP1,9,16,1,90968,0.0626256826707477
JP1,9,17,2,68906,0.0474373987568215
JP1,9,18,3,57539,0.0396119421685884
JP1,9,19,4,6632,0.0045657102219725
JP1,9,20,5,4,2.753745610357388e-06
JP1,9,21,6,27,1.858778286991237e-05
JP1,9,22,7,55,3.786400214241408e-05
JP1,9,23,8,68,4.68136753760756e-05
LA1,-6,0,18,61772,0.0635190273276188
LA1,-6,1,19,61743,0.0634892071535512
LA1,-6,2,20,61865,0.0636146575410078
LA1,-6,3,21,61956,0.0637082311906681
LA1,-6,4,22,58730,0.0603909938961188
LA1,-6,5,23,49728,0.0511344005528043
LA1,-6,6,0,37703,0.0387693111334134
LA1,-6,7,1,26748,0.0275044833089287
LA1,-6,8,2,16828,0.0173039272140965
LA1,-6,9,3,3377,0.0034725078560734
LA1,-6,10,4,223,0.0002293068557608
LA1,-6,11,5,4026,0.004139862786068
LA1,-6,12,6,8865,0.0091157187278919
LA1,-6,13,7,16650,0.0171208930422335
LA1,-6,14,8,25820,0.026550237738767
LA1,-6,15,9,35340,0.0363394810878399
LA1,-6,16,10,42494,0.0436958095457462
LA1,-6,17,11,46898,0.0482243628765568
LA1,-6,18,12,51151,0.0525976456458432
LA1,-6,19,13,55296,0.0568598739737747
LA1,-6,20,14,58754,0.0604156726608644
LA1,-6,21,15,61575,0.0633164558003323
LA1,-6,22,16,62282,0.064043451078462
LA1,-6,23,17,62672,0.0644444810055774
LA2,-3,0,21,54932,0.0616505540828397
LA2,-3,1,22,59204,0.0664450484948744
LA2,-3,2,23,62018,0.0696032196735883
LA2,-3,3,0,61064,0.0685325390394401
LA2,-3,4,1,54967,0.0616898348188933
LA2,-3,5,2,44732,0.0502030252900601
LA2,-3,6,3,32044,0.0359631973172379
LA2,-3,7,4,22456,0.0252025202520252
LA2,-3,8,5,15540,0.0174406468078229
LA2,-3,9,6,1950,0.0021884981515607
LA2,-3,10,7,4,4.489226977560599e-06
LA2,-3,11,8,6760,0.0075867935920774
LA2,-3,12,9,11039,0.0123891441513228
LA2,-3,13,10,15531,0.0174305460471234
LA2,-3,14,11,21115,0.023697506907798
LA2,-3,15,12,26257,0.0294684081874521
LA2,-3,16,13,32789,0.0367993158418086
LA2,-3,17,14,41141,0.0461728217709551
LA2,-3,18,15,48213,0.0541097750672822
LA2,-3,19,16,52469,0.0588863125714067
LA2,-3,20,17,54554,0.0612263221334602
LA2,-3,21,18,57075,0.0640556574360678
LA2,-3,22,19,58012,0.0651072588555613
LA2,-3,23,20,57156,0.0641465642823634
NA1,-5,0,19,81998,0.0593206605878386
NA1,-5,1,20,85381,0.0617680592410821
NA1,-5,2,21,87546,0.0633343075663177
NA1,-5,3,22,90664,0.065589994530791
NA1,-5,4,23,90717,0.0656283368685451
NA1,-5,5,0,79583,0.0575735521788576
NA1,-5,6,1,66815,0.0483366659818098
NA1,-5,7,2,53508,0.0387098454442068
NA1,-5,8,3,41153,0.0297717401055065
NA1,-5,9,4,29970,0.0216815068394049
NA1,-5,10,5,23709,0.0171520469020837
NA1,-5,11,6,20693,0.0149701508517786
NA1,-5,12,7,21302,0.0154107260157825
NA1,-5,13,8,24247,0.017541257802304
NA1,-5,14,9,30475,0.0220468442085707
NA1,-5,15,10,37752,0.0273113195262333
NA1,-5,16,11,43864,0.0317329868536422
NA1,-5,17,12,50404,0.0364642866444232
NA1,-5,18,13,57432,0.0415486253186754
NA1,-5,19,14,64791,0.0468724227438066
NA1,-5,20,15,70777,0.0512029365890077
NA1,-5,21,16,74145,0.0536394836372265
NA1,-5,22,17,76527,0.0553627185151531
NA1,-5,23,18,78831,0.0570295250469512
OC1,10,0,10,21656,0.0245710058500233
OC1,10,1,11,27405,0.0310938499870655
OC1,10,2,12,32417,0.0367804902401278
OC1,10,3,13,38722,0.0439341747564003
OC1,10,4,14,45387,0.0514963170721744
OC1,10,5,15,50555,0.0573599557050208
OC1,10,6,16,54628,0.0619812018643829
OC1,10,7,17,57538,0.0652829024103548
OC1,10,8,18,58217,0.0660532992044149
OC1,10,9,19,61607,0.0698996101497224
OC1,10,10,20,64303,0.0729585052259906
OC1,10,11,21,64815,0.0735394229852819
OC1,10,12,22,62001,0.070346644519177
OC1,10,13,23,54819,0.0621979114191185
OC1,10,14,0,44638,0.0506464979282112
OC1,10,15,1,34381,0.0390088544574091
OC1,10,16,2,25652,0.029104887424492
OC1,10,17,3,18049,0.0204784856200162
OC1,10,18,4,11910,0.0135131455335139
OC1,10,19,5,8718,0.0098914863779323
OC1,10,20,6,7818,0.0088703418791781
OC1,10,21,7,8802,0.0099867931978161
OC1,10,22,8,11310,0.0128323825343444
OC1,10,23,9,16016,0.0181718336578303
